{"type":"FeatureCollection","name":"egypt-boundary","crs":{"type":"name","properties":{"name":"urn:ogc:def:crs:OGC:1.3:CRS84"}},"features":[{"type":"Feature","properties":{"iso2":"EG","iso3":"EGY","adm0_name":"Egypt","adm0_name1":"مصر","source_layer":"egy_admin0","source_format":"Esri File Geodatabase","usage_note":"Simplified for offline frontend SVG rendering; approximate display only."},"geometry":{"type":"MultiPolygon","coordinates":[[[[25.144562485999984,31.655485429],[25.150066572000014,31.659017915],[25.15543691900001,31.618428715999983],[25.181151936,31.574109033000013],[25.16289453500002,31.56486868899998],[25.170185549999985,31.542607992],[25.188209432,31.526165908999985],[25.293395,31.506700922999983],[25.401711885999987,31.50227000199999],[25.45617829600002,31.516590179],[25.496367486,31.517426005],[25.79736118699998,31.609146311000018],[25.89548062199998,31.629604841],[26.053398028,31.602195262],[26.336300202000018,31.523765514],[26.46036718,31.50758822900002],[26.49734388600001,31.492435436],[26.562389986000028,31.503971886999977],[26.571049800000026,31.494105569999988],[26.601323319000016,31.486928947000024],[26.75286516099999,31.482475615],[26.779698187,31.471635124999978],[26.790409813999986,31.458625679000022],[26.83997674,31.440657645999977],[26.985508274999972,31.440264211999988],[27.013756038,31.411225606000016],[27.063851838,31.407043007000027],[27.073596955000028,31.38347071200002],[27.110618139,31.376053153999976],[27.214899973,31.369131702],[27.224041678,31.367087602000026],[27.222619165000026,31.35800364200003],[27.239393743999983,31.355612068000028],[27.251854075999972,31.361533427999973],[27.239316213999984,31.366167699000016],[27.330342057,31.371836863],[27.35394151600002,31.355186539999977],[27.346371826,31.33798581000002],[27.37600280999999,31.291241695],[27.386841998000023,31.25456023700002],[27.43512002799997,31.215856789999975],[27.46159029,31.207371439999974],[27.552107176,31.20289937299998],[27.572087388,31.190181592999977],[27.637214990000018,31.193483023],[27.64428018900003,31.17738961499998],[27.67379548399998,31.177271626999982],[27.724056193000024,31.182996823],[27.812750146999974,31.21044600099998],[27.837191279000024,31.220561702999987],[27.858529964000013,31.243145997],[27.867179454,31.235889084],[27.86862994400002,31.187379108000016],[27.888960511,31.164749099],[27.886416966000013,31.134897758000022],[27.894179580000014,31.112947261999977],[27.921376592,31.09416532199998],[28.011062772,31.080418767000026],[28.159074181999983,31.085655542999973],[28.203801638000016,31.068098221000014],[28.319072818,31.063270896],[28.42051640699998,31.086020830999985],[28.467722039000023,31.0689607],[28.471133079000026,31.058081867999988],[28.52308381199998,31.045728097],[28.547334002000014,31.048024095000017],[28.584883556000023,31.033514654999976],[28.596188314000017,31.014983686999983],[28.627971769999988,31.003302121],[28.697821261,30.99840755499997],[28.72094701100002,30.981972266000014],[28.752792468999985,30.98070013],[28.754847973999972,30.966943996999987],[28.785013565999975,30.950747781000018],[28.821642703,30.949014773999977],[28.829070265999974,30.918756035],[28.884936433,30.888611141000013],[28.898689943000022,30.871667979],[28.992689903999974,30.829225407000024],[29.052591022,30.821894117],[29.128388045,30.824461899000028],[29.201398563999987,30.838795285],[29.460323245999973,30.929259375000015],[29.548766785,30.975421203],[29.671536898,31.055111461000024],[29.768171310000014,31.122678797],[29.787742303000016,31.14949227300002],[29.791753845000017,31.149802012],[29.797439954000026,31.153550269999982],[29.806453207,31.155850394000026],[29.785472234999986,31.145574289000024],[29.79856580699999,31.14448516599998],[29.79454171499998,31.133695914999976],[29.801563751,31.143195967999986],[29.809248661000026,31.134144806],[29.810514977000025,31.140370569000027],[29.81212267,31.134170956],[29.828617450000024,31.14041226],[29.851872979,31.158849921000012],[29.851758056,31.16622277],[29.85400335899999,31.1614222],[29.857951053000022,31.16470160900002],[29.855044759,31.167554246],[29.85741041,31.170105196],[29.859697719,31.165337105],[29.87171288600001,31.174001965],[29.877711203,31.183484636],[29.870970320000026,31.182612958999982],[29.87167826299998,31.189990103000014],[29.882674527,31.185965199],[29.876979157999983,31.194016487],[29.88195485,31.199146085999985],[29.870298681,31.199755482],[29.851686673000017,31.187392198999987],[29.848903499000016,31.173637741],[29.851590403999978,31.187443948],[29.877088555,31.211957986000016],[29.886258989999988,31.215138002],[29.89225635600002,31.214836862000027],[29.883258838000017,31.209833291999985],[29.896683076999977,31.201175116],[29.907405203999986,31.20862673800002],[29.903851077000013,31.211960821],[29.903920659999983,31.21307383200002],[29.90469959799998,31.214161088000026],[29.905337410000016,31.214564171],[29.911526388000027,31.210558536],[29.930535702999975,31.220348746000013],[29.987431463,31.270378807999975],[30.009937106999985,31.280388771],[30.012798831999987,31.290739530999986],[30.03637593899998,31.294512048],[30.048089435,31.317501158000027],[30.070127671000023,31.33002204899998],[30.081914745,31.33148623699998],[30.068013639000014,31.318679479000025],[30.08842595599998,31.27513681099998],[30.10482584099998,31.269858183999986],[30.177895236999973,31.27254906799999],[30.246918505999986,31.29966565799998],[30.298825496,31.335391802],[30.332776599,31.385630692],[30.35780773099998,31.45226463900002],[30.339965163999977,31.499515578],[30.383216516,31.444687550000026],[30.423850179999988,31.435440484000026],[30.42966022600001,31.416233084999988],[30.420789903000014,31.378287656],[30.446389808,31.373072165],[30.46219356,31.333729725000012],[30.485828271,31.34672161200001],[30.51880421499999,31.32829061299998],[30.519596139999976,31.272911529999988],[30.499343883,31.248850283000024],[30.495871533000013,31.23883686],[30.503397185999972,31.22847091],[30.52530113900002,31.22562118899998],[30.52060658900001,31.20903812],[30.522572664999984,31.189813598],[30.538627056999985,31.18628193500001],[30.557520959999977,31.200428120000026],[30.570476228000018,31.197840784999983],[30.60985704,31.169432396],[30.638731069000016,31.115134289000025],[30.7223022,31.068731158],[30.716969678,31.019469388],[30.753975729,31.003645729000027],[30.760416048000025,30.987116110999978],[30.747688606,30.972100134000016],[30.747456479,30.966430071],[30.760983563000025,30.950296690000016],[30.783266691,30.934312217000013],[30.783649419000028,30.924056816000018],[30.76738468299999,30.90747117],[30.755637805,30.882085193000023],[30.789594560000012,30.870161053],[30.792089766,30.863100465],[30.781379147,30.840410522000013],[30.764609773000018,30.827743390000023],[30.763440764999984,30.821983983999985],[30.766569154000024,30.81821184],[30.772576114,30.816877363],[30.799155572000018,30.828210108],[30.812590293000028,30.820403963],[30.809623423,30.815477299],[30.79137265700001,30.807091363999973],[30.756628755,30.779051340000024],[30.754898997,30.76681555800002],[30.761978205,30.757362694999983],[30.782825015000014,30.763042093000024],[30.796760428000027,30.750283562999982],[30.78947462399998,30.733870067999987],[30.766503918000012,30.726320763],[30.762470083999972,30.71715363200002],[30.802959155,30.684439079000015],[30.787203295999973,30.645550991],[30.798802679,30.625538611000025],[30.795149849999973,30.612423276000015],[30.817925202000026,30.58497430699998],[30.837545041,30.58490634499998],[30.815230697,30.56241793999999],[30.81389856200002,30.556965559],[30.815110183,30.54925441900002],[30.819738816999973,30.542931067999973],[30.829773466,30.541603725000016],[30.846057855000026,30.54577852],[30.852282305000017,30.53858129499997],[30.83614243400001,30.51551232600002],[30.829632586,30.498573454],[30.844243983000013,30.464949161],[30.837420727,30.408698295000022],[30.839317478999988,30.40450808600002],[30.84532174399999,30.400283752],[30.85983784299998,30.39408614299998],[30.869680827000025,30.393332953000026],[30.872483491000025,30.384451934000026],[30.861432342,30.36948146499998],[30.84488339,30.367145005],[30.82818856199998,30.356488684999988],[30.82094261399999,30.347183770000015],[30.821733110000025,30.337456686],[30.828589148,30.329370083000015],[30.8484279,30.323045735999983],[30.876485747,30.339412536999987],[30.917157063,30.333930442999986],[30.922032495,30.313146206],[30.91396942199998,30.293274992000022],[30.914349402000028,30.286134878999974],[30.923651010000015,30.281504111],[30.95476540499999,30.283411913],[30.966290462000018,30.262815933000013],[30.964858338,30.252904983],[30.969663695,30.230621359],[30.990078325000013,30.20777750299999],[31.016070801000012,30.196827741999982],[31.051763228000027,30.21737022100001],[31.069761864999975,30.218983892999972],[31.1445268,30.15522665200001],[31.212701032999973,30.121542662000024],[31.228868329000022,30.091400100999977],[31.21578538099999,30.06633216],[31.222905562999983,30.03787526399998],[31.222821287999977,29.999675788],[31.21694647100003,29.998345477999976],[31.220199037999976,29.978888719],[31.231128534999982,29.963622681],[31.275574871,29.93683081],[31.281816025000012,29.883397460000026],[31.293088524999973,29.85148897900001],[31.290534116,29.833960389000026],[31.283493255999986,29.860296208000022],[31.29407659200001,29.810732895],[31.287017933000016,29.769159719000015],[31.26694026299998,29.746137617999977],[31.264271394,29.730846144999987],[31.266915966,29.711597929999982],[31.300342480999973,29.668509066000013],[31.271472886000026,29.634485181],[31.262144832,29.603163142000028],[31.281439131000013,29.546560716999977],[31.256585804,29.514026791],[31.23984441800002,29.467160381999975],[31.20431817399998,29.43605349],[31.231579571999987,29.385883885999988],[31.209466056,29.333873090999987],[31.21773790200001,29.2597257],[31.20958090900001,29.247267481],[31.21172673199999,29.223221308],[31.162082075,29.150790374999985],[31.131838688000016,29.083473],[31.046541983999987,29.01718809800002],[31.038669688000027,28.982743895],[31.002131084999974,28.929642592999983],[30.998188321999976,28.92898992800002],[30.99257344,28.925002361],[30.958015145,28.89546091],[30.929455065000013,28.883238760999973],[30.922330409999972,28.843770066],[30.90721292400002,28.812306014],[30.913529505999975,28.785840829999984],[30.904118537999977,28.744374720999986],[30.89052525699998,28.721540007999977],[30.87127026600001,28.712217203000023],[30.87590465,28.685425435000013],[30.870439868,28.662263681000013],[30.840707077,28.63186105699998],[30.843836233,28.588808396],[30.819219826,28.52451057899998],[30.824681811,28.492693249000013],[30.846899690999976,28.467486822000012],[30.841961603000016,28.438128677],[30.814364722,28.406477970000026],[30.77148648100001,28.374738525],[30.761595263,28.340349967],[30.73726899899998,28.300632998000026],[30.738607883999975,28.272135091999985],[30.750811591,28.264246191999973],[30.745507378000013,28.236523773999977],[30.762621121,28.209383064],[30.73718272000002,28.17147397399998],[30.753835525,28.11141143200001],[30.772462023,28.08175592499998],[30.833409476999975,28.037214887],[30.840609643999983,28.007273855],[30.867850264000026,27.96417862200002],[30.863945437999973,27.936230856],[30.831341808,27.869412426],[30.838927892000015,27.85315892699998],[30.828370851999978,27.840359861000024],[30.828755596,27.821038069999986],[30.84077383099998,27.809025213999973],[30.877866648,27.799968638],[30.895102854000015,27.787706806000017],[30.894283700000017,27.779811782000024],[30.878656936000027,27.77177661899998],[30.86425581399999,27.732163991],[30.897329136999986,27.678140316999986],[30.892721709,27.652770246999978],[30.861185492,27.628229035],[30.851920063000023,27.574948555],[30.841552982999985,27.559800059],[30.867995302,27.506714123],[30.846054682999977,27.457460218],[30.872530907999987,27.41593886200002],[30.912793748000013,27.40520916600002],[30.926943342000015,27.379862249999974],[30.974543106999988,27.370194567],[30.954960814,27.34975381999999],[30.955200016,27.336729332],[30.998629831000017,27.327986509000027],[31.019276320000017,27.281524537],[31.053682338999977,27.266528004],[31.102020472999982,27.271868417],[31.12528205900003,27.257131685],[31.110097527999983,27.212373609],[31.120355586000017,27.198380182],[31.16340112,27.215495268999973],[31.184490813000025,27.20669375199998],[31.207292715999984,27.174343962000023],[31.301665227,27.15453488999998],[31.318165740999973,27.114397329999974],[31.310055483999975,27.088351725],[31.320211433999987,27.051609824000025],[31.337102319999985,27.045280616000014],[31.378413497999986,26.981494284],[31.409978264000017,26.95737869200002],[31.439062802000024,26.94651306100002],[31.478988172000015,26.91156169499999],[31.490985035,26.865097258],[31.506193011,26.85734543199999],[31.50056999100002,26.85652317199998],[31.518709742999988,26.825089294],[31.52403160900002,26.775204184000017],[31.574966835999987,26.746187846],[31.61399971999998,26.690549266],[31.63299865099998,26.681770831999984],[31.63830185,26.636047329],[31.69712277000002,26.637982459],[31.709258956999975,26.607234757000015],[31.70905017299998,26.591783954],[31.69890856400002,26.587454330000014],[31.69726536600001,26.57508248900001],[31.70669270899998,26.540823333],[31.730589345,26.540577977999988],[31.771945346999985,26.567052167999975],[31.789224221999973,26.56737092999998],[31.801337596999986,26.556992913999977],[31.813173170000027,26.534520616],[31.808027775000028,26.442648943],[31.89491224,26.3478804],[31.89637872100002,26.353614586],[31.947296220999988,26.31199452200002],[31.94236652500001,26.31316733099999],[31.989499281,26.294081055999982],[31.991563456,26.279162428],[32.00065136,26.27302217099998],[32.00719279200001,26.21601169600001],[32.02227824900001,26.175607539],[32.04913635600002,26.167983221999975],[32.07638890800001,26.193060048],[32.10151178799998,26.203526286],[32.127160301,26.192611006999982],[32.14646027200001,26.162859293],[32.148314070000026,26.140207867000015],[32.208478489000015,26.114194613],[32.231241281999985,26.096369934],[32.240854977000026,26.085655373],[32.252024474,26.036288475],[32.26392925800002,26.026725933000023],[32.28787922999999,26.02289590800001],[32.310728099000016,26.031768586999988],[32.316983145,26.064906794000024],[32.32955049399999,26.075451234000013],[32.38336685500002,26.05838273400002],[32.43362918999998,26.109257308999986],[32.49457391300001,26.114238263],[32.528722464,26.108219954],[32.568294723,26.11607124699998],[32.61050256300001,26.133423696000023],[32.62600752600002,26.167563777],[32.650956966000024,26.173425538],[32.74123053,26.12788488199999],[32.76194816100002,26.103644660999976],[32.762299360999975,26.060103355000024],[32.778441438000016,26.03759697800001],[32.783995349,25.999683436],[32.776148087000024,25.969763350999983],[32.76085956700001,25.94207316500001],[32.736606817,25.92199808700002],[32.72089570000003,25.885307865000016],[32.72791246999998,25.868444179],[32.77359583200001,25.820238136],[32.773936446,25.808520008000016],[32.734541176,25.785384497999985],[32.678741178999985,25.77130384100002],[32.66371240900003,25.75675314],[32.61138787700003,25.66002684199998],[32.583730774,25.628138467999975],[32.47520413199999,25.596188342],[32.466623836999986,25.564994941],[32.48562404,25.500984250999977],[32.543848373,25.436873606],[32.56484416400002,25.400450549000027],[32.55198812100002,25.327941851],[32.56508126,25.274485705000018],[32.592986053,25.247020647],[32.69749989500002,25.191590871000017],[32.748925,25.12953077200001],[32.820094901,25.099310328],[32.834421185999986,25.071036644],[32.864773479,25.042286262],[32.88819018700002,24.98584099200002],[32.86157111900002,24.936960635],[32.86704180800001,24.876959827],[32.904705905000014,24.822513712999978],[32.9193146,24.787765033000028],[32.916699262,24.786015825],[32.914214759,24.779786532],[32.91453561999998,24.777106795],[32.91670653,24.775127204],[32.920104052,24.786612763999983],[32.931692493000014,24.676418577],[32.931375677,24.644396598000014],[32.86876635300001,24.48402583500001],[32.88079063700002,24.450391758000023],[32.889485475000015,24.448579424],[32.902810551000016,24.454272754999977],[32.91424888900002,24.435741644000018],[32.901092984,24.365931456],[32.90605571100002,24.29475591900001],[32.888289954000015,24.274006177],[32.88255855,24.25612135900002],[32.865314625999986,24.23657299299998],[32.862752354,24.229879427000014],[32.86381104600002,24.22020080599998],[32.87173098599999,24.241272819000017],[32.862831568,24.211402889999988],[32.865927495,24.181629021],[32.89479320100003,24.10423934800002],[32.86838749999998,24.073317496000016],[32.86330424099998,24.055145044000028],[32.87287311699998,23.999175832],[32.862966562,23.98870542100002],[32.875108566999984,23.98960660900002],[32.87708460800002,23.972597076],[32.87018022900003,23.95994517600002],[32.86357798900002,23.971456064999984],[32.85774891099999,23.966585990999988],[32.86531670099998,23.961827332999974],[32.853142529000024,23.931833176999987],[32.85809860799998,23.910043606999977],[32.84917907,23.902801273000023],[32.84426148799997,23.907765837],[32.850188471000024,23.896745246000023],[32.833503337000025,23.894522481000024],[32.832942958,23.887722898999982],[32.828593,23.900846230000013],[32.822709304,23.893935044999978],[32.81152988100001,23.907443091],[32.814642435999986,23.91914618499999],[32.812134517,23.922115908000023],[32.80986866799998,23.902166767999972],[32.796967187,23.908570919],[32.791222188,23.903568059],[32.789296455,23.90968410200003],[32.78860131099998,23.90366243],[32.77668478099997,23.907210768000027],[32.776558722,23.899952878000022],[32.767418207,23.90006667199998],[32.76064164799999,23.894963142999984],[32.77670271400001,23.896769894999977],[32.781164074,23.901934391],[32.809521662,23.898341969],[32.809260171,23.88777339400002],[32.825880015999985,23.886643416000027],[32.811770610999986,23.875438373],[32.818564729,23.868698083000027],[32.827684139999974,23.882842042999982],[32.83030084500001,23.875672096000017],[32.83239134799999,23.88348388700001],[32.84900535999998,23.885792993999985],[32.849615261999986,23.875583052000025],[32.835670961,23.872649173000013],[32.831791942,23.865147895],[32.85193453199997,23.868063253],[32.847730189,23.851285604999987],[32.854218549999985,23.867590001],[32.864883651000014,23.872801187999983],[32.862536762,23.85728399200002],[32.872316631,23.86020138600003],[32.866546527000025,23.843766625],[32.87779839,23.849168288999977],[32.87683749500002,23.835277991],[32.88677661000003,23.843234075],[32.885220505,23.82544818399998],[32.87062911800001,23.821381055000018],[32.88559443999998,23.820268386],[32.87956701600001,23.813839495000025],[32.891631626,23.811635500000023],[32.870143566000024,23.806447849],[32.890971388000025,23.794751183000017],[32.84833803599997,23.787927303],[32.863003021,23.784867723],[32.861208536,23.77777790800002],[32.88339407500001,23.791344924999976],[32.88334348500001,23.784103137999978],[32.88950501,23.785814792],[32.88859634300002,23.77410806900002],[32.872795671,23.771444855000027],[32.891352003,23.76416303299999],[32.89027195099999,23.755678518000025],[32.876409325,23.755620641],[32.87101762100002,23.765043865],[32.862666261000015,23.755329039],[32.87372440500002,23.747859571],[32.889660983,23.751094105],[32.88847557999998,23.743415649999974],[32.876090051,23.742408093999984],[32.889359619,23.738683234],[32.888828252,23.72708513499998],[32.88303648300001,23.73536593],[32.87627787100001,23.724354561999974],[32.889867751,23.72361287299998],[32.88042854899999,23.72047608600002],[32.885834607,23.71174119699998],[32.870532086000026,23.71389698500002],[32.87080676900001,23.704580145000023],[32.860059182999976,23.719632526],[32.86527828499999,23.708258442999977],[32.854424133,23.70330782299999],[32.844857726999976,23.710402605000013],[32.844284010000024,23.722943683999972],[32.83973111199998,23.71004738],[32.83447292,23.714637125000024],[32.83172887,23.730443321],[32.824438315,23.723118872999976],[32.828204352,23.713501228999974],[32.80272086000002,23.723329799999988],[32.80400659700001,23.714337331000024],[32.837555275,23.707793735999985],[32.84258646500001,23.698953829],[32.819622821,23.699075564],[32.82967506799997,23.691400265000027],[32.838667095,23.696849755000017],[32.836839237,23.68826465],[32.84483329699998,23.693733043],[32.859727071,23.679861942],[32.855792182000016,23.69270490399998],[32.870182962,23.689073001],[32.8769838,23.701922825],[32.882761201,23.698239778000016],[32.87668935300002,23.68974447],[32.883660342999974,23.686337814000012],[32.863452490999975,23.679095269000015],[32.87529674299998,23.668275199],[32.870545966,23.657567691999986],[32.860367774999986,23.675366594000025],[32.86051538800001,23.665936713],[32.85325843499999,23.67034016399998],[32.85738093100002,23.660137180999982],[32.843952983,23.672598237999978],[32.830673999,23.67045712999999],[32.84257111199997,23.666994391],[32.842839156000025,23.65733207300002],[32.855494969,23.64914052900002],[32.831020234,23.64308878999998],[32.851763979,23.634043517],[32.855634355,23.639365125999973],[32.865738577,23.623752276],[32.853696961000026,23.621013560999984],[32.86841253799997,23.615650046999974],[32.85823649500003,23.607468816999983],[32.848175992,23.614457319],[32.85371054400002,23.600778177],[32.83536296400001,23.600235930999986],[32.83429986300001,23.58703582200002],[32.815071273,23.591338498000027],[32.821968346,23.577172065000013],[32.840642876,23.575871303999975],[32.829376631,23.572160456],[32.832735566999986,23.565980285000023],[32.821995687000026,23.565985119],[32.838139867999985,23.557719785000018],[32.815426005,23.551857128],[32.81730408200002,23.562745968],[32.78902664399999,23.569640503000016],[32.79041887400001,23.586519882],[32.770089762,23.597508690999973],[32.741220450000014,23.579104484000027],[32.735948029999975,23.588523409],[32.74259117600002,23.595293235999975],[32.73405062400002,23.59281744499998],[32.737383464,23.612992928999972],[32.71575796299999,23.616753044],[32.697277128,23.643680255],[32.69847397500001,23.624912960000017],[32.69097453799998,23.629888680000022],[32.68165876799998,23.62075374699998],[32.70101345699999,23.604852006999977],[32.69968332399998,23.57923072],[32.70770463000002,23.575393626],[32.709716922999974,23.587085606000016],[32.718447158,23.570583253999985],[32.746015059,23.559802847000014],[32.72076190400003,23.540865473999986],[32.69895587399998,23.54715669799998],[32.709270387,23.540054081999983],[32.702128432,23.538584056],[32.70586978799997,23.533106079],[32.69369399300001,23.540588738],[32.68346740800001,23.535038026999985],[32.675252635,23.54681320100002],[32.66272738599997,23.544408707],[32.666452672,23.538127761],[32.659329475,23.53745975099997],[32.66662280700001,23.529039048000016],[32.651885358000015,23.53357728499998],[32.650461903,23.525668269999983],[32.64163053300001,23.526644053999973],[32.64651618099998,23.52206439600002],[32.631600416000026,23.518554505999987],[32.636730387,23.513740840000025],[32.596238831,23.503698480000025],[32.610410317,23.496185529],[32.623555537000016,23.50433142700001],[32.64826107800002,23.477293354999972],[32.65264604700002,23.483879001],[32.64614544,23.494240671],[32.661705734,23.48209465100001],[32.686126789000014,23.487143068000023],[32.689821365,23.507196288999978],[32.70181424200001,23.51374810599998],[32.68875670199998,23.493186723],[32.70473769300003,23.494254319],[32.70392084399998,23.50220606900001],[32.71997295,23.511783337],[32.714767188,23.52407641100001],[32.729632407,23.530683259],[32.744984870999986,23.525894731],[32.749023648,23.533405216],[32.757488164999984,23.52196742000001],[32.75306541499998,23.54103075400002],[32.76800842199998,23.54545042],[32.78272191299999,23.539979781],[32.793104396,23.546671366],[32.798244609,23.53184640699999],[32.778968428999974,23.51268214700002],[32.800966218999974,23.499013645],[32.80041457200002,23.512711109],[32.79098337,23.514627220000023],[32.79508643899999,23.524780955999972],[32.80928978700001,23.518972889999986],[32.803474187,23.531512099999986],[32.822771881,23.524909782],[32.84625647500002,23.53190801],[32.871989669000016,23.518151847000013],[32.873079346,23.506398855999976],[32.853641829000026,23.517379204],[32.841670427999986,23.514425088999985],[32.867496873,23.502372353999988],[32.849865926,23.500204322],[32.821225715000026,23.469966221],[32.84286325599999,23.473090040999978],[32.83879113299997,23.48007500799997],[32.847482233,23.489098472000023],[32.876488769,23.497815947],[32.87742923899998,23.474679181],[32.860738104,23.46996360999998],[32.88083190999998,23.471043888999986],[32.88969077899998,23.45590910300001],[32.87848533599998,23.451194693],[32.90292192800001,23.425845313000025],[32.893340833000025,23.431563644],[32.884976662999975,23.425756335000017],[32.878970117999984,23.440258562],[32.86665782,23.446494729],[32.86728539400002,23.431069434999984],[32.847920268999985,23.42893582800002],[32.87062182300002,23.41949888800002],[32.852093233,23.421029326],[32.858638344999974,23.408129665],[32.84540675599999,23.412310635999972],[32.841249054,23.399859159000016],[32.825250649,23.397656134999977],[32.82301665900002,23.382173513999987],[32.843199808,23.38233731600002],[32.87529198300001,23.36488524599997],[32.89865488999999,23.347263042],[32.901454054,23.32397103599999],[32.916316643000016,23.315608365],[32.90354530899998,23.307480344],[32.91199345000001,23.296492152999974],[32.893999625,23.303998748000026],[32.88003912900001,23.298076577000018],[32.883871248,23.30731345800001],[32.865126142,23.325183766],[32.85694325999998,23.310976654],[32.83185081800002,23.313329667],[32.83085277999999,23.292186878999985],[32.840954232,23.287726107000026],[32.84160298900002,23.299329655],[32.845050163999986,23.292472533000023],[32.843291266999984,23.249837151],[32.82927000500001,23.262084875000028],[32.833065095,23.269945453],[32.821846060999974,23.29030031399998],[32.797476862999986,23.286194591000026],[32.79764722800002,23.266868691000013],[32.80564398400003,23.262911035],[32.800001608,23.25048805900002],[32.787975355000015,23.273734573000013],[32.761216331000014,23.27910239],[32.747589743,23.233252086999983],[32.730557628999975,23.228413706000026],[32.708324412000024,23.235523662],[32.703626213,23.214912782],[32.732079270999975,23.18076914400001],[32.70376967599998,23.188342334000026],[32.67639812200002,23.182435035000026],[32.68766679700002,23.174741294],[32.692662568,23.14267006],[32.66165978999999,23.14074125899998],[32.67450234,23.136811806000026],[32.67297511100003,23.129710882999973],[32.685042635,23.135570836],[32.67990334799998,23.128196226],[32.68476500999998,23.117750183],[32.689821467,23.126967208],[32.69222738000002,23.106907068],[32.67903131899999,23.10049432599999],[32.68671059299999,23.088267584999983],[32.671776256999976,23.098451469999986],[32.666183564,23.092922757],[32.67595155700002,23.090662228999975],[32.681518977,23.083998036000025],[32.67422314200002,23.08011469600001],[32.685105562,23.072196607000024],[32.646669867000014,23.076164464999977],[32.65715613499998,23.061585400000013],[32.66437491800002,23.067655409999986],[32.68273490299998,23.055220716],[32.66960307,23.056973383000013],[32.668276606,23.047682222],[32.64083383399998,23.059598008000023],[32.65154343,23.038344295],[32.649304185,23.032637121],[32.64036499500003,23.0440802],[32.63955864600001,23.024544059],[32.646281869,23.025218654000014],[32.642056465999985,23.01954983899998],[32.65141241600003,23.010169381000026],[32.642171960999974,23.013567841999986],[32.629150805999984,22.992079434],[32.614445451999984,23.01237359800001],[32.60201415199998,23.011920551],[32.61300662399998,23.00342946400002],[32.60609914999998,23.005632346000027],[32.601108497999974,22.99894204499998],[32.64236316400002,22.977448837999987],[32.628193033,22.960009115],[32.635489683,22.953083962],[32.60658499700003,22.954211822],[32.61946926500002,22.941659902000026],[32.59801498500002,22.908714502],[32.594200785,22.915917907],[32.56958154,22.913967388],[32.54786037399998,22.931282527],[32.543314097,22.927685576999977],[32.569935144,22.901653722],[32.57153866200002,22.884027291999985],[32.56190690699998,22.869026044],[32.56794269699998,22.844069854999987],[32.556640329,22.837726739],[32.56983397800002,22.834027596],[32.563893553000014,22.823212040999977],[32.572202839,22.81741931],[32.559913043999984,22.811211533],[32.57100489700002,22.79651052899999],[32.556086828,22.794834664],[32.57005625099998,22.781345362000025],[32.54904233000002,22.755632403],[32.531924436,22.761012263],[32.534123969,22.753726442000016],[32.52698379499998,22.750293078000027],[32.50651833,22.76734947],[32.506815524,22.746295788],[32.48034230600001,22.74896929099998],[32.480193036,22.735974252],[32.45453289300002,22.730003496999984],[32.432043148,22.703380589],[32.414104791,22.698873729000013],[32.414196334999986,22.679203863999987],[32.40363902500002,22.671917872999984],[32.40280478699998,22.65537006300002],[32.38897596800001,22.633303536000028],[32.36861059400002,22.618484384],[32.34549186700002,22.626711488000012],[32.338262037,22.618210799],[32.30204581999999,22.634367003000023],[32.285695751,22.672255039999982],[32.273341588,22.680401657],[32.27316885800002,22.703291004],[32.247389379000026,22.741564896],[32.252336206,22.772993927000016],[32.236418324,22.776942806000022],[32.240003538999986,22.757100706000017],[32.230609087,22.758523609],[32.228704290999985,22.749700404],[32.20179391200003,22.755667732],[32.19314956699998,22.77053328300002],[32.178851394,22.761797735000016],[32.163026759,22.764127389],[32.18147410199998,22.841795650999984],[32.177263701000015,22.828985647000025],[32.157114637,22.825978494000026],[32.161009342,22.802111561],[32.15246433599998,22.762804765999988],[32.130082035999976,22.75914124899998],[32.11817366399998,22.772211981999988],[32.11590048599999,22.74970979400001],[32.10312831700003,22.742667462999975],[32.08575222600001,22.74823484799998],[32.09011991099999,22.736205421000022],[32.069842054,22.766425352],[32.06278369900002,22.753081044999988],[32.072902641999974,22.736822304999976],[32.06579402400001,22.72750421799998],[32.05526640199997,22.734799544999987],[32.059342851,22.720246886999973],[32.044369582,22.728416341000013],[32.020178138,22.720050070000013],[32.009604033000016,22.73182909000002],[32.005979750999984,22.716015116],[32.012546164000014,22.70889960599999],[31.994332505999978,22.701932555999974],[31.996659043000022,22.693273498999986],[31.972997991,22.70064761499998],[31.982515074,22.670834970999977],[31.945847878999984,22.663683328],[31.946291608000024,22.65344318299998],[31.883701202999987,22.65103452300002],[31.876872533999972,22.66493528799998],[31.866494719,22.666580626999973],[31.878248878000022,22.650885808999988],[31.867580421000014,22.64241505000001],[31.8880173,22.63510398],[31.882829352999977,22.628510257000016],[31.891212155,22.61884259300001],[31.866673145,22.617591740000023],[31.86645225,22.604255866000017],[31.857089702,22.614624314000025],[31.836189096,22.585947213999987],[31.868871540999976,22.578460064000012],[31.861146763000022,22.560518715],[31.846660827999983,22.560268657999984],[31.83080693,22.582344780000028],[31.816102710999985,22.568756115999975],[31.80063345000002,22.568975642999987],[31.795651621,22.559386571],[31.77801329099998,22.563200630999972],[31.774047255000028,22.593957276000026],[31.754978379000022,22.60158063199998],[31.746370442,22.597446835000028],[31.73073881099998,22.611229165],[31.747397826,22.607665865],[31.72334165,22.621218836000025],[31.707578386000023,22.618787153000028],[31.68986976100001,22.65099202],[31.664939178999987,22.656729356000028],[31.692554433,22.632213589],[31.666664821999973,22.63163916000002],[31.67420944600002,22.606587989],[31.691106391,22.594289394999976],[31.691116304,22.57876546099999],[31.703179105,22.58239713400002],[31.69759240000002,22.573274570000024],[31.708682098,22.570019890000026],[31.70744045700002,22.561756735000017],[31.717020599000023,22.564960886999984],[31.717839749,22.545977099000027],[31.728873254,22.547207249],[31.722577425,22.540279278000014],[31.73493384300002,22.539073992],[31.733367762,22.525987394000026],[31.750353212999983,22.520233286],[31.76148708300002,22.535717326999986],[31.759241851000013,22.51896073299997],[31.778101199,22.514441981],[31.770952976,22.508448738000027],[31.78590557299998,22.515022624999972],[31.818187465,22.499042594],[31.824373815,22.49147788],[31.819651478000026,22.474988246],[31.79543383700002,22.461303253999972],[31.761608276,22.504323864000014],[31.752138496999976,22.500086839],[31.748494343,22.480819521],[31.760831858000017,22.463168320000023],[31.732515101,22.47149519499999],[31.734595538,22.446399186],[31.707915562999972,22.448488795],[31.70033977999998,22.478487523000013],[31.694438764999973,22.464769466],[31.679753558000016,22.466921538],[31.69303806,22.454095489999986],[31.683584774999986,22.44249344299999],[31.70055428699999,22.412252852999984],[31.69271934300002,22.409254121],[31.69945469700002,22.397089930999982],[31.648599594000018,22.39397670699998],[31.649797807000027,22.38326768899998],[31.66512517199999,22.375130324],[31.637767452,22.364111029000014],[31.641584952000017,22.354975352],[31.630409843,22.351444438999977],[31.625678751,22.332533727],[31.592506647,22.320202312],[31.58428066099998,22.30685566],[31.565176022,22.309862529999975],[31.56607909799999,22.295477858000027],[31.515267026,22.266224548000025],[31.491867425,22.235587027],[31.463281568000014,22.239846613999987],[31.463023099999987,22.230078433000017],[31.447801059000028,22.218420475000016],[31.43696581,22.220504698000013],[31.424632826999982,22.203177896],[31.41459010699998,22.20904589600002],[31.420035943000016,22.191850363000015],[31.347667694,22.09621429499998],[31.316087922,22.000000522999983],[25.000629730000014,22.000456180000015],[25.001337358,29.256961203],[24.91535061899998,29.437441440999976],[24.866456860000028,29.520614978000026],[24.869017595,29.572186292000026],[24.90583023099998,29.616827074000014],[24.816706276,29.80569699],[24.82913044700001,29.888999581],[24.76485631999998,30.06471594499999],[24.754834384,30.088449879999985],[24.694507595,30.154013309],[24.722742257,30.214334072999975],[24.763963043,30.272244398999987],[24.778380837999975,30.321315992999985],[24.855817377999983,30.396166945],[24.88645492,30.44831618699999],[24.916552708999973,30.473056289],[24.94086464100002,30.514193646000024],[24.946078791,30.54009990100002],[24.94138632900001,30.587001767],[24.972644300000013,30.633630021999977],[24.997561553000025,30.741719655],[25.017724481000016,30.78629145399998],[25.00278104900002,30.819793844],[24.982886569000016,30.911891176999973],[24.961381533,30.94253075900002],[24.935147406,31.030151080999985],[24.880610896,31.145750396999972],[24.887430887999983,31.299635959],[24.86617032800001,31.345463113999983],[24.86111450200002,31.40591430699999],[25.062746232,31.541986269],[25.090118408000023,31.619596480999974],[25.131540572,31.666580219000025],[25.145275062999985,31.668554544000017],[25.144562485999984,31.655485429]],[[29.929037059,31.181274339000026],[29.872639085,31.148112705000017],[29.865259127,31.15703652000002],[29.852736763,31.147785483],[29.85793278699998,31.100426355000025],[29.8760446,31.108751395000013],[29.875469264,31.092371291],[29.89067004499998,31.103300478999984],[29.91764790000002,31.106198807999988],[29.903738267999984,31.118349068999976],[29.931168289000027,31.12850309800001],[29.900860317000024,31.13828163300002],[29.938566012000024,31.167745602000025],[29.929037059,31.181274339000026]],[[30.222974571,31.204442571000016],[30.233850813,31.20308308],[30.23870703,31.22016859500002],[30.258627633,31.234834725999974],[30.27462386000002,31.231279148],[30.274635005999983,31.239476933],[30.28265866800001,31.241013150000015],[30.30333043899998,31.23179008300002],[30.31142784000002,31.23687249599999],[30.31110733700001,31.252244309],[30.29704846300001,31.244193527],[30.30288821900001,31.260880602999976],[30.294836506000024,31.264823596999975],[30.31079230900002,31.269643047999978],[30.308003198999984,31.283355545],[30.28256030900002,31.281989846999977],[30.272387015,31.293763747000014],[30.26906952500002,31.285364948999984],[30.217188787999987,31.269055536],[30.150025089,31.264385635],[30.142940695999982,31.224209727000016],[30.165915895000012,31.219413729999985],[30.17138231299998,31.227551032],[30.173423634000017,31.22012239700001],[30.160609239999985,31.216007348],[30.165017268999975,31.209266862],[30.195905187999983,31.226643373],[30.19180794,31.22020302200002],[30.198346669999978,31.218539885999974],[30.188138633999984,31.210043],[30.215814624000018,31.209822529],[30.222272492,31.19345240299998],[30.222974571,31.204442571000016]],[[30.706936859999985,29.504192379000017],[30.681124574000023,29.512910534000014],[30.668450319999977,29.50708739800001],[30.66066658,29.491164932],[30.608683525,29.498896656],[30.471657358000016,29.438314459000026],[30.410701043000017,29.446703588],[30.488110033999988,29.40698644600002],[30.539928498999984,29.418253591],[30.607713510999986,29.420571231999986],[30.647764661999986,29.442104194000024],[30.66127221,29.458447908999972],[30.665637111000024,29.444146477],[30.683954097000026,29.441940478],[30.68762885299998,29.448939715],[30.69303282300001,29.443818996],[30.69960570500001,29.453202514999987],[30.683520944,29.465352977],[30.718634241000018,29.465941722000025],[30.72095611200001,29.473819134],[30.70824337800002,29.481018729000027],[30.78735382100001,29.471635971000012],[30.812246206,29.483383807999985],[30.821690690000025,29.505013431],[30.803812654000012,29.515978613000016],[30.820998593000013,29.515787849],[30.826787428999978,29.52307315799999],[30.80587100499997,29.52987026400001],[30.754451467000024,29.51416974199998],[30.72989499900001,29.518844812],[30.706936859999985,29.504192379000017]],[[30.366417274000014,29.185437111],[30.348149053999975,29.19206837500002],[30.32322733,29.17960496799998],[30.336261588000013,29.161847093],[30.318659,29.154772574],[30.317219326999975,29.127582415],[30.34102967299998,29.095785847],[30.330976909000015,29.09343465400002],[30.34301360500001,29.063876444000016],[30.40026881099999,29.05316505899998],[30.414874989999987,29.044841229999975],[30.42138645900002,29.02936803199998],[30.43184838899998,29.027417055],[30.441132908999975,29.03593149599999],[30.476891288,29.014016949999984],[30.480185844,29.029677676],[30.457816474000026,29.055074495999975],[30.461833469999988,29.066177197],[30.454472380000027,29.078946918999975],[30.460285328,29.079326073],[30.49916230399998,29.042941986000017],[30.51111748300002,29.017076126],[30.530473658,29.014475001],[30.53112973200001,29.02551408300002],[30.515142532000027,29.040818247],[30.529201832000012,29.042153568],[30.531159517,29.049989175],[30.507463272,29.07988844099998],[30.50144437,29.113394702],[30.453840303,29.117070711999986],[30.434674108000024,29.160541938999984],[30.44599752900001,29.198624793000022],[30.461993096000015,29.221788963999984],[30.479588020999984,29.217549829],[30.475343459999976,29.202947027999983],[30.483259727000018,29.192876464],[30.51427573799998,29.191573717999972],[30.529912046,29.230322487000024],[30.522777067,29.258967418],[30.465316218999988,29.286127932],[30.443375469999978,29.285575135999977],[30.425871944999983,29.273405836999984],[30.424790965,29.243049439],[30.395933592,29.219093326],[30.378271553,29.189703861999988],[30.366417274000014,29.185437111]]],[[[31.847464815000023,31.525694768999983],[31.928299537999976,31.524202027],[31.986107651999987,31.48709014100001],[31.992127607999976,31.479863710000018],[31.992636028,31.467013638000026],[31.990705873000024,31.464986527],[31.99178429,31.476660451999976],[31.98921802199999,31.481983491],[31.98666004400002,31.47607191100002],[31.985496016000013,31.483891511000024],[31.983123524,31.485999626000023],[31.986306078999974,31.47241069400002],[31.985447064000027,31.47013261799998],[31.97992912,31.48743801],[31.981319871999972,31.477779801],[31.974941709,31.492809086000022],[31.958732927000028,31.50160542200001],[31.971910788,31.466269230000023],[32.006489322,31.415380388000017],[32.063603553,31.364934253],[32.12400394000002,31.338039099000014],[32.173089447999985,31.304032214000017],[32.21475119500002,31.288614881],[32.303947447999974,31.274253150999982],[32.32041867700002,31.275584192999986],[32.33389101,31.29230372400002],[32.309505840999975,31.25657849999999],[32.300873159,31.255284454],[32.30214828200002,31.233905473],[32.266229685999974,31.245351466999978],[32.282698638,31.234170619999986],[32.30270255300002,31.232557340000028],[32.31440122599997,30.900902324000015],[32.32168064899997,30.888443630999973],[32.31645000999998,30.79588307199998],[32.320443668,30.75036793800001],[32.34168111600002,30.717203713],[32.34508380300002,30.693933716],[32.311720687,30.588060116],[32.30998691100001,30.549075827000024],[32.34507515299998,30.499611011000013],[32.364135192,30.41304547300001],[32.31941251,30.39728779799998],[32.30982824199998,30.33719952299998],[32.35342355300003,30.28190908800002],[32.412989789,30.274334294000028],[32.41038421600001,30.269742883],[32.43471748000002,30.251490624999974],[32.43639386900003,30.234997227],[32.486814434,30.21788245],[32.46814282399998,30.201828413999976],[32.50169026100002,30.179104026],[32.54431419000002,30.17897700100002],[32.54976609300002,30.157468322],[32.56190142999998,30.15045010199998],[32.565320421000024,30.046658089],[32.584489196,29.974212282999986],[32.56666535699998,29.936553808999975],[32.557519674,29.935945844],[32.553568730999984,29.943477101999974],[32.564187925,29.953754460000027],[32.55340232100002,29.960280356],[32.482297341,29.939509584],[32.47246710600001,29.893763245],[32.485103357000014,29.869665419],[32.493502407,29.876240807999977],[32.500041706,29.865686547999985],[32.51799998400003,29.869306822],[32.517576639000026,29.860986751999974],[32.47734910999998,29.810681007000028],[32.42801862800002,29.776855274000013],[32.36864979699999,29.681320831999983],[32.370216261,29.648474104],[32.34982345200001,29.606601709000017],[32.38257971500002,29.530584858],[32.449050248,29.487217887999975],[32.506927183000016,29.42918248799998],[32.568588764000026,29.388888399],[32.59996102000002,29.340424875],[32.60904157099998,29.280883394],[32.63058334700003,29.2489061],[32.62910372099998,29.208275362999984],[32.64251364299997,29.188992370999983],[32.65192666299998,29.139547134999987],[32.666629691000026,29.108195052999974],[32.66537784600001,29.089490430000012],[32.650066686,29.064474577999988],[32.646117574000016,29.074151228],[32.627775553,29.05857488700002],[32.636179406,29.037495417],[32.626707365000016,29.00714687599998],[32.628903191,28.980147308000028],[32.667260709,28.939641892],[32.695826103,28.86694779200002],[32.737139403000015,28.83960182200002],[32.762382394999975,28.800905763],[32.78582043799997,28.797704540999973],[32.81282560300002,28.77723917100002],[32.836926455000025,28.73406353500002],[32.834213165999984,28.715258258],[32.848533393000025,28.683312464999972],[32.846009407999986,28.669214805000024],[32.869129078000014,28.61352524],[32.87057444800001,28.574240723],[32.93263753000002,28.55362378],[32.979317541,28.495139268],[33.00435888200002,28.490961401999982],[33.072733433,28.383514175000016],[33.111092165,28.35444658900002],[33.11165143699998,28.323899047999987],[33.12286681299997,28.295585394],[33.15115878300003,28.27887742500002],[33.16771657800001,28.238814279],[33.23655505800002,28.17313771],[33.23932476300001,28.147856978999982],[33.28312377499998,28.13296673100001],[33.296940426,28.11311615400001],[33.334377324,28.084935200000018],[33.331026608,28.072673135],[33.339813736,28.056759278000015],[33.36781506,28.046784285],[33.38203994899999,28.03174450199998],[33.410808917,28.03495867800001],[33.45270244599999,28.002965558000028],[33.481189856000015,27.993024643000012],[33.556085259999975,27.898617795],[33.56283430000002,27.873131227999977],[33.58961467,27.84226561899999],[33.58253002599997,27.817339646999983],[33.59340442000001,27.788295225000013],[33.586810109,27.797705079000025],[33.575712152,27.78689860100002],[33.564703516,27.816517729],[33.545070967000015,27.813737189999983],[33.491416565,27.839384553],[33.48057334499998,27.833394682],[33.47092487499998,27.811326520000023],[33.47494633000002,27.802490685],[33.492000528,27.80010867599998],[33.50380097599998,27.771532621],[33.524104704000024,27.750429903],[33.55920854200002,27.762305697999977],[33.54029597300001,27.709454994],[33.549870071999976,27.689482259999977],[33.577103223999984,27.682508297000027],[33.59519204399999,27.650600688],[33.58952445800003,27.641522861],[33.56678301900001,27.68054452299998],[33.554270151000026,27.678922801],[33.56900199199998,27.65608656],[33.552101645,27.657673800999987],[33.54666244600003,27.674895145],[33.53297875499999,27.68073286499998],[33.518921487,27.676234077],[33.49355616600002,27.646334731000024],[33.535638145,27.621822017],[33.559915677,27.591878528],[33.56058782600002,27.567760651000015],[33.567546134,27.569377687999975],[33.558038872,27.542606176999982],[33.56024934499999,27.525266285999976],[33.59143163800002,27.522085807999986],[33.60858287100001,27.499476371000014],[33.627133765999986,27.495126143],[33.64260781799999,27.45252816599998],[33.680592683999976,27.419586106999986],[33.69037519699998,27.389843413],[33.67828057600002,27.373415694000016],[33.698478834000014,27.351371726000025],[33.69847801499998,27.33552335600001],[33.71442297200002,27.317495382],[33.750679693,27.303253556000016],[33.78537335300001,27.27579675200002],[33.83740931900002,27.255897964999974],[33.84933699800001,27.23831673],[33.84262836300002,27.218225263000022],[33.852369888,27.202137438000022],[33.828195102999985,27.182287889],[33.831570135,27.10579686699998],[33.890048471,27.076804317999972],[33.900289827999984,27.063355219000016],[33.910385985,27.042442482000013],[33.887677052000015,27.040285430999973],[33.90391321499999,27.010177610000028],[33.91429020800001,27.00476605199998],[33.90208269300001,26.99053988700001],[33.924232011000015,26.97420463100002],[33.93658752099998,26.93594362099998],[33.964847879,26.909486226000013],[33.97107691399998,26.888803193],[33.981482771,26.900614409000013],[33.99660158,26.901278166],[33.99178708,26.872230579000018],[34.005701204,26.854633703],[34.003626199,26.844760486999974],[33.992612086,26.844206254000028],[33.968710543999975,26.863080434999972],[33.96726752799998,26.84838356199998],[33.948518131000014,26.823949500000026],[33.951931589000026,26.803960792],[33.939093851,26.78617518300001],[33.94187680700003,26.770438565],[33.959881402,26.75295422800002],[33.943728304,26.737818455000024],[33.93795860300003,26.668568861999972],[33.95147641,26.652356598999972],[33.971025796,26.647963006999987],[34.02065326000002,26.611583483],[34.042595147999975,26.554458067999974],[34.07579476500001,26.511317825],[34.091042861,26.450296836],[34.118935435000026,26.39854501299999],[34.129900944999974,26.397366406],[34.14064594400003,26.371153064999987],[34.18153568600002,26.32831160699999],[34.190880789,26.306807744000025],[34.191271948,26.277633806999972],[34.206750908,26.261966675999986],[34.220413845999985,26.210125335999976],[34.243067137000025,26.178695326000025],[34.24945484400001,26.155473114000017],[34.26444171600002,26.148530381],[34.277815165,26.123791951999976],[34.291387902999986,26.115012760000013],[34.287624275999974,26.099752334000016],[34.318611954,26.064031511999985],[34.342169893,25.993919049],[34.356146261,25.97615170900002],[34.377678205999985,25.966488861000016],[34.41093805999998,25.914147323],[34.419335475000025,25.868278083],[34.442695029,25.836778106999986],[34.45881882499998,25.837014297999986],[34.474206488,25.825196657],[34.491380973,25.78534892099998],[34.545592726,25.746611855000026],[34.56700507199997,25.702476784999988],[34.571061617,25.674773006],[34.586422648,25.663520189],[34.594007939,25.620747782000024],[34.62508598699998,25.59788926599998],[34.64559651899998,25.557654049],[34.64651773100002,25.535256157],[34.636883469,25.534070854],[34.650003953,25.529143224999984],[34.655626171,25.508545278999975],[34.669126819999974,25.504074452],[34.68361371499998,25.48443745100002],[34.70730431599998,25.399732960999984],[34.73608972599999,25.370555734],[34.76301761600001,25.298446902000023],[34.796605210999985,25.26106507100002],[34.807850213999984,25.214808230000017],[34.85887777800002,25.159919885000022],[34.888204823000024,25.086736726000026],[34.903033253,25.070980941000016],[34.930228796999984,25.01331217],[34.948701138,24.997746491999976],[34.95181030700002,24.98359303799998],[34.941443053,24.959468605999973],[34.99053694899999,24.893308419],[35.00053614799998,24.825121178000018],[35.083863727,24.746876305],[35.09394848699998,24.70945415099999],[35.089585091,24.68286328099998],[35.110139815000025,24.668294146],[35.102427761,24.645298449999984],[35.12108050699999,24.620298579],[35.11716557099999,24.609087331000012],[35.122020228999986,24.61523666],[35.135643500000015,24.60969276999998],[35.150058394999974,24.578536729],[35.17040081,24.568666786999984],[35.170933881,24.561543230999973],[35.151150863,24.556593336],[35.152255251999975,24.535570525000026],[35.136961719,24.518285838999986],[35.169168583999976,24.485442241999976],[35.19138539199997,24.476125594],[35.20554453300002,24.446573694999984],[35.221547014,24.43307592000002],[35.22319193300001,24.415719223999986],[35.263264451,24.392757932999984],[35.275794943,24.374012463999975],[35.30344605099998,24.36083025900001],[35.307930365,24.367550384000026],[35.320906009,24.363032767],[35.325525793,24.344264755999973],[35.36277444000001,24.319589408000013],[35.41077576499998,24.26090553],[35.415993533,24.224562365],[35.42885085900002,24.221760268000025],[35.429261439000015,24.199139586],[35.44160311899998,24.179006851],[35.49245157299998,24.131859883],[35.49830797499999,24.114106092999975],[35.505760974,24.110565208000025],[35.512250670000014,24.117483387],[35.51138781999998,24.126334426000028],[35.492546215,24.137944436999987],[35.50405106,24.145372093],[35.53338068099998,24.116400843],[35.554298621999976,24.117728941],[35.584694436,24.093903020000027],[35.593927888,24.077016741000023],[35.606605962,24.01841398],[35.64220350099998,24.001164710000012],[35.68138510199998,24.011750372],[35.727984795,23.995358545999977],[35.767736574000025,23.96191327600002],[35.781674061,23.924438795000015],[35.798736056,23.913440745],[35.79053358300001,23.898617096],[35.769896474,23.938584510999988],[35.752510852,23.944761469000014],[35.690519592999976,23.91196007000002],[35.64189092999999,23.933748684000022],[35.63172235000002,23.929383218],[35.58640211699998,23.938143659],[35.56610128,23.961208049999982],[35.55133570800001,23.958608759000015],[35.51429199299997,23.93155384900001],[35.52915515799998,23.946140323],[35.52337806600002,23.949372109000024],[35.559791862,23.965752149000025],[35.517197092,23.984338568],[35.504282279,23.980108991],[35.500400531000025,23.959023012999978],[35.490376084,23.945921366999983],[35.484535935999986,23.948162105],[35.482747812000014,23.934632916999988],[35.47446056299998,23.940916162],[35.47411176700001,23.92243272600001],[35.48147103399998,23.922013889000027],[35.47634108800003,23.910700385999974],[35.485835337000026,23.911406880000015],[35.482894407,23.874810325999988],[35.489213355,23.881406046],[35.490758616,23.864857587000017],[35.49019541400003,23.84936325299998],[35.478161468999986,23.854880975000015],[35.484897182,23.823927835],[35.475983262,23.81907947899998],[35.476873711999986,23.789448014000016],[35.492999328,23.772177221],[35.50798447699998,23.794530642999973],[35.516348489999984,23.77504116199998],[35.510414981,23.748693925999987],[35.50516371600003,23.767807636999976],[35.490358258000015,23.760033621],[35.50648130899998,23.74299419800002],[35.51322351099998,23.692980132],[35.50830245499998,23.636653433],[35.49432119099998,23.654707238000015],[35.48872135300002,23.644772849],[35.501403122,23.611922822999986],[35.49725206199997,23.598070120999978],[35.490002480999976,23.606179999],[35.49145762699999,23.592503325],[35.50457349800001,23.59604521199998],[35.510795858,23.585534404999976],[35.48980638699999,23.506174820000012],[35.486366159,23.520332384000028],[35.483286078,23.512439976999985],[35.496238742,23.471665112999972],[35.53995507500002,23.425298409999982],[35.558322092000026,23.371834733000014],[35.55634530999998,23.301700735],[35.57299313300001,23.26145944299998],[35.572928949000016,23.215761623],[35.59177587,23.203856910000013],[35.595728265,23.182228775],[35.61954482300001,23.16142900699998],[35.661059712999986,23.060293640999987],[35.662782316,23.010674338],[35.67793536800002,22.974461005000023],[35.66177871000002,22.980490101999976],[35.6684538,22.949991636],[35.680329809,22.948602041000015],[35.686285092,22.958870594000018],[35.72182678399997,22.891317211],[35.74262036099998,22.881098248],[35.78160418800002,22.83358819],[35.794774232,22.837227437000024],[35.78359350599999,22.843439366999974],[35.79152632300003,22.853337464],[35.819508418,22.799515887999974],[35.90752606299998,22.72419957400001],[35.89657186,22.727889259999984],[35.892528588,22.721852114],[35.919235495,22.712805616000026],[35.91564914600002,22.72145892499998],[35.924022401,22.718947975],[35.924947187999976,22.697238165999977],[35.941917149,22.716433075],[35.946281962,22.693419053000014],[35.972635803,22.711460208],[35.97713882900001,22.69820404799998],[36.02024294,22.695134844],[36.04541026800001,22.683446362999973],[36.04390123600001,22.689894015],[36.05604917599999,22.69203360199998],[36.098457802999974,22.676442079000026],[36.143456791,22.676757736000013],[36.16692218600002,22.667830315],[36.181484555,22.681749831],[36.20060725899998,22.656807453],[36.225300146999984,22.647856585],[36.24577659900001,22.62334965399998],[36.258620684,22.623052925000025],[36.260587477,22.60764574799998],[36.288273521,22.579247613],[36.29773114300002,22.525055281],[36.31422182699998,22.500141230999986],[36.399489884,22.442653811000014],[36.411536952,22.447179194],[36.426952137,22.439832678000016],[36.43172313100001,22.388805291999972],[36.448787181,22.363645754],[36.55657938500002,22.318829375],[36.62495589399998,22.258985637000023],[36.644861016,22.249827504999985],[36.65472709599999,22.23107841799998],[36.68360095000003,22.20834508500002],[36.69994645000003,22.206697432],[36.72957658299998,22.172930313],[36.774010524,22.166442002],[36.77849518599999,22.16912074200002],[36.77041628799998,22.177633875000026],[36.779557265,22.179198833999976],[36.798507588,22.160401525],[36.80972759500003,22.130724827999984],[36.833422704999975,22.12194086300002],[36.853789495,22.09485687],[36.904454333,22.076069285000017],[36.905365792,22.036819767],[36.883572565,21.99934588000002],[31.414436191,22.000000522999983],[31.412725448,22.027639389],[31.435527802000024,22.081193924],[31.507114410999975,22.168634414],[31.516398201000015,22.19442998400001],[31.527302952000014,22.188888411999983],[31.53644050600002,22.20590832800002],[31.541405639,22.191011428000024],[31.561941761000014,22.185804089999976],[31.538850197999977,22.218642736999982],[31.572788834999983,22.226032033000024],[31.610505822999983,22.262347867000017],[31.631583033000027,22.251606660999983],[31.642925186000014,22.25835864200002],[31.682184404999987,22.23391246],[31.691204165999977,22.249891580999986],[31.66505032499998,22.251623102],[31.65456353000002,22.276145413],[31.637211074,22.272234206],[31.637702226999977,22.280049055],[31.61863392700002,22.293178952],[31.650154832,22.310476997000023],[31.653488745,22.326302307],[31.664270131000023,22.304537633999985],[31.670687940999983,22.312042125],[31.668565828999988,22.334382118],[31.683238401999972,22.332345512000018],[31.688651301,22.315137472],[31.70382515199998,22.313667505000012],[31.688359764999973,22.335841959],[31.71277315200001,22.35575338899997],[31.738998792000018,22.364940355999977],[31.748308751000025,22.336864893999973],[31.744176159,22.318173890000025],[31.771102133,22.317569521999985],[31.775617101000023,22.321648069],[31.752094718000023,22.326461478],[31.748114238000028,22.355384689],[31.756864467000014,22.361474553999983],[31.760300095,22.352339617999974],[31.77637805400002,22.35303546900002],[31.766778008000017,22.36306108399998],[31.771315007,22.368404506],[31.79427145300002,22.366357361999974],[31.79973902400002,22.345690595],[31.81250171800002,22.347695069999986],[31.817652346999978,22.33048474100002],[31.841345612,22.32853541100002],[31.830769007000015,22.338923939999972],[31.841560572,22.341298059999986],[31.848082137,22.361562217000028],[31.844064864000018,22.37254679199998],[31.82123481399998,22.374829953000017],[31.811168741000017,22.386473936000016],[31.823956829999986,22.382383028999982],[31.825572793,22.39029615200002],[31.835462357999972,22.390268287000026],[31.81271820699999,22.405316186999983],[31.815212874999986,22.421496161999983],[31.83307236600001,22.424692756000013],[31.878345208999974,22.411039761999973],[31.876579330000027,22.416241663999983],[31.896990344000017,22.402370099],[31.88264455799998,22.416613419999976],[31.88912243599998,22.441017296999973],[31.88041271999998,22.445170932],[31.90252416300001,22.457959663999986],[31.897139598000024,22.46850486],[31.913324032,22.47447700700002],[31.915115351,22.46363839600002],[31.934278227,22.455991107999978],[31.920036926000023,22.497725147999972],[31.9268576,22.491529056],[31.940974717000017,22.506386597000017],[31.990788598999984,22.482744262999972],[31.978801799999985,22.497419550000018],[31.961194824000017,22.50228636600002],[31.960880847999988,22.519543880000015],[31.955979066,22.515246423],[31.944278451,22.52542914600002],[31.938233404000016,22.547718471],[31.952514134000012,22.54336343799997],[31.95915527,22.554995651000013],[31.92622197999998,22.57584797200002],[31.954058127999986,22.588889737999978],[31.959822945999974,22.56476218199998],[31.971729633,22.566078550999976],[31.97835854599998,22.55597240999998],[31.976757384,22.584291473],[32.00722145399999,22.577845711],[31.993953123999972,22.590470149999987],[31.988010152000015,22.583545259],[31.979142621,22.593111367],[31.970869188,22.587370154999974],[31.961529536,22.60533946700002],[31.988443249,22.607807928],[31.966065376000017,22.616772605],[31.96797972899998,22.62698067399998],[31.987327365999988,22.64244616000002],[31.993279566000012,22.635914540999977],[31.995373589,22.649108770999987],[32.010973751999984,22.64185535500002],[32.006873407,22.654914002999988],[32.02171250499998,22.667224444],[32.03104434699998,22.655807212000013],[32.02827159999998,22.639517739999974],[32.036543445,22.658482463999974],[32.046412707,22.656258461],[32.05813383200001,22.640204031],[32.051723499,22.621553940000013],[32.05713942900002,22.619745392000027],[32.05967393200001,22.636383127999977],[32.060824707,22.62486384099998],[32.069703075,22.62276800500001],[32.05418306299998,22.654412127],[32.074272038,22.655593054],[32.04388132499997,22.66009363],[32.028739739,22.672176561000015],[32.05003611500001,22.671500356000024],[32.04710341499998,22.68051804700002],[32.06292805099997,22.67866035999998],[32.06371415000001,22.687736224],[32.074772462,22.669274036],[32.072796858,22.68977858400001],[32.086543931,22.689446616999987],[32.07900016399998,22.69692778299998],[32.088773356,22.702753512000015],[32.11167092300002,22.694684902],[32.11095158400002,22.682732568],[32.115458879000016,22.67863625000001],[32.12074475999998,22.689592985],[32.098912611,22.70823069300002],[32.10613323299998,22.716626647999988],[32.11448883999998,22.712813805999986],[32.119363177000025,22.72159138799998],[32.125306833000025,22.70815362899998],[32.12626450699997,22.719526825],[32.13236827999998,22.714596469000014],[32.144369209,22.733151588999988],[32.174249331,22.727146006],[32.184977686000025,22.711442921000014],[32.21502323300001,22.701514541999984],[32.227530823,22.688423160000013],[32.21152041800002,22.687078188999976],[32.207356730000015,22.670468299],[32.235259864,22.67817151600002],[32.245300954000015,22.672135283999978],[32.222270005999974,22.641118127000027],[32.229377511,22.637202666],[32.250593074,22.657783816],[32.244548254,22.646497778000025],[32.25506263400001,22.64574528999998],[32.26140924700002,22.634708933000013],[32.235226136999984,22.62594817500002],[32.256365244,22.630193818],[32.25544498099998,22.621237620999977],[32.27555947899998,22.623770951999973],[32.261479485,22.600773485],[32.288808352,22.611237787],[32.291194166000025,22.600498679],[32.29996667199998,22.611851424],[32.30998160799999,22.60489395899998],[32.307891338,22.587213467000026],[32.26611711100003,22.572398566],[32.277778598,22.56115745],[32.22646476099999,22.557996498000023],[32.259870213,22.544551775],[32.251789293,22.51144326000002],[32.258048412,22.508807376],[32.26811070000002,22.541881703],[32.279074923,22.533067193000022],[32.281288835,22.544761799000014],[32.29264987200003,22.543418756],[32.29110640800002,22.552876696999988],[32.29609613100001,22.542437921999976],[32.30733315499998,22.541095547],[32.311733537,22.526064743],[32.29036984800001,22.52229087],[32.303424038,22.519075515],[32.299119556,22.508106064],[32.350426159,22.523781980000024],[32.354351199,22.503926306999972],[32.360211737999975,22.512106953],[32.35200993299998,22.52858513199999],[32.325459852999984,22.519386149000013],[32.313376912000024,22.52776103399998],[32.321668482,22.533830508],[32.317007606,22.548176231000014],[32.321453352,22.54154192200002],[32.338008951,22.546084709000013],[32.326169278,22.554344034],[32.33234792600001,22.565968761000022],[32.31887194500001,22.566894616000013],[32.326185957,22.596507277],[32.33647979400001,22.60334580099999],[32.361323201,22.600956313999973],[32.358136048,22.584446904],[32.364396899999974,22.581806217],[32.364812401999984,22.58996655200002],[32.38728492400003,22.60475517200001],[32.39961638199998,22.59625366],[32.404545015999986,22.600997544],[32.41465104399998,22.569066551],[32.416182248999974,22.59048909699999],[32.401835032,22.61358492300002],[32.425690756,22.617185087],[32.423400377,22.626084118],[32.41144638600002,22.623076853999976],[32.431421693,22.665858462000017],[32.44032233899998,22.653159164999977],[32.453643820000025,22.650387706],[32.439020520999975,22.667792497999983],[32.44921921500003,22.68716503799999],[32.470401729,22.68678095299998],[32.485529051000015,22.664072232000024],[32.497488308000015,22.667074056],[32.494286382999974,22.639178087],[32.52449329,22.609745211000018],[32.53105767400001,22.621127442999978],[32.52273708400003,22.620131529],[32.50000497100001,22.645860390999985],[32.500911624000025,22.65918839],[32.510841948,22.660040768999977],[32.489689892,22.673199217],[32.48178507900002,22.691750161000016],[32.471253822,22.689019778999977],[32.460788321999985,22.705605581999976],[32.480478689999984,22.70502333600001],[32.472726416,22.71324900899998],[32.48142624600001,22.718931439000016],[32.488495828,22.711058122999987],[32.48542066599998,22.718554402],[32.49601819499998,22.722779897],[32.49152526900002,22.715844431999983],[32.49773979399998,22.704983158],[32.49803110300002,22.718302041000015],[32.505837659,22.709747887],[32.500831068000025,22.72854643],[32.50850267499999,22.728472738999983],[32.50653193199997,22.721252961],[32.51222251299998,22.71668874400001],[32.50840213999999,22.72720516200002],[32.52688336900002,22.731257716000016],[32.51236380199998,22.714950244000022],[32.517877085,22.703176187],[32.525424864,22.715317054000025],[32.518349864000015,22.719389921000015],[32.53947386300001,22.73697454500001],[32.545181228,22.719468485999982],[32.537798641,22.71011295],[32.544835766,22.717174854],[32.54733452,22.708830132],[32.54810572500003,22.742730788000017],[32.55670926200003,22.70689186200002],[32.56746692500002,22.69954752299998],[32.558821486,22.691939463999972],[32.569159680999974,22.686317583],[32.565325228,22.691382691],[32.578827817,22.697068833],[32.59003603399998,22.67637467100002],[32.580373722,22.69780070500002],[32.558464859000026,22.70660941699998],[32.566182500000025,22.714109652],[32.55851540200001,22.723032925999973],[32.56316403599999,22.721992307],[32.56914404499997,22.724306848000026],[32.557041728,22.73187735099998],[32.55660623799997,22.73886683],[32.566094677000024,22.738505153],[32.55987374799997,22.750175840999987],[32.57114517100001,22.738044645],[32.574117183,22.745139048],[32.587932034,22.744964605],[32.589632127000016,22.72655710700002],[32.583327070999985,22.72505587500001],[32.579896798,22.71591517799999],[32.602313657000025,22.7308782],[32.598724446,22.722640941],[32.60875696099998,22.715866591],[32.622328079,22.715461945000015],[32.628771184000016,22.720060864],[32.631989664,22.713173315],[32.635605742999985,22.711936676999983],[32.630417161000025,22.72217148300001],[32.649218223,22.71694682200001],[32.65353753599999,22.72337240799999],[32.630731028000014,22.724460952000015],[32.62362255,22.719177375000015],[32.622055477,22.725972895999973],[32.61330826699998,22.71618409299998],[32.61235605500002,22.724417456000026],[32.608550424999976,22.719524252999975],[32.603785184,22.725354075999974],[32.61593827799999,22.735467624000023],[32.605212473999984,22.731610956],[32.608181209,22.740428477000023],[32.59192205599999,22.73125423800002],[32.598562717,22.74094322000002],[32.59225736899998,22.736009263000028],[32.59002035100002,22.743999159999987],[32.597107360999985,22.74488081200002],[32.599870722,22.747780024],[32.572557701,22.750801777999982],[32.58636420200003,22.776596215999973],[32.601437691,22.75744521500002],[32.596277566000026,22.776294155000016],[32.604728376000025,22.782690668999976],[32.59210047900001,22.783620946999974],[32.590395225,22.79619339499999],[32.598919551999984,22.78912832200001],[32.61125072700003,22.791539165000017],[32.59256408099998,22.810072063],[32.599255401,22.815350976],[32.605837588999975,22.810164156999974],[32.595858066,22.81875251500003],[32.60519575500001,22.836980529000016],[32.620422229999974,22.835540573],[32.62526363,22.80806781299998],[32.626395156,22.830823439000028],[32.641682033,22.82109791900001],[32.651320269,22.797560026999975],[32.652378048,22.81686458500002],[32.671366213,22.817302343],[32.65109235,22.820341913],[32.616246994,22.842983112000013],[32.61465199899999,22.854862695],[32.59842535400003,22.844931025],[32.60233114699997,22.89213791200001],[32.61960224,22.909641640000018],[32.630948812999975,22.884345646999975],[32.64200655899998,22.879416092999975],[32.63902727599998,22.88488135900002],[32.647675161,22.888624756000013],[32.63519004400001,22.890821080000023],[32.624544481999976,22.908625836],[32.634415666999985,22.906022398],[32.636096528999985,22.920023421],[32.65063628299998,22.915257123],[32.648350075,22.92392858300002],[32.661902472,22.919412007],[32.65949011700002,22.927970472000027],[32.667272923999974,22.915396741999984],[32.65435229299999,22.909434225999973],[32.668878883,22.909614207],[32.676546488999975,22.919243772000016],[32.69386449199999,22.90579126900002],[32.67788313099999,22.934287014],[32.67009344799999,22.95744599400001],[32.675102428,22.959303651000027],[32.67995704200001,22.948972631],[32.68990652000002,22.95510570099998],[32.708355563,22.94208977],[32.690034070000024,22.922775616000024],[32.70211151900003,22.913566597],[32.728223351,22.947565371999985],[32.716373997,22.955965963999972],[32.729489839999985,22.953983478999987],[32.740487057,22.972976390999975],[32.72212763700003,22.98990532099998],[32.753311522,22.990322787000025],[32.754821278,23.022964699],[32.736541498,23.04886529999999],[32.756021299,23.052966035999987],[32.75872105299999,23.06211633700002],[32.774942593,23.049136907],[32.77504711,23.069382841999982],[32.782659711,23.07072589400002],[32.792799315000025,23.01093018900002],[32.805861841000024,23.00652492400002],[32.819333169,22.988074435999977],[32.828309475000026,22.994681034],[32.85098653699998,22.971896972000025],[32.86976689199997,22.96794563200001],[32.874340561999986,22.951743394],[32.893055769,22.945259851],[32.91242229,22.91988999199998],[32.91890798100002,22.916072292000024],[32.915440320000016,22.926499604000014],[32.927690316999985,22.92486155900002],[32.928405098999974,22.898502238],[32.936481889,22.918925832000014],[32.92781696999998,22.94004682000002],[32.935561955000026,22.94195395700001],[32.948523008,22.928909909000026],[32.958622629,22.930651790000013],[32.96414768400001,22.918225367],[32.96856623899998,22.936078638000026],[32.98074764400002,22.916834817],[32.975832884,22.933737985999983],[32.993767478999985,22.917488553],[33.001472224,22.92280259299997],[33.008029152,22.911655097999983],[33.041134022,22.900186501],[33.086878574000025,22.907444525000017],[33.119105746,22.877317318999985],[33.126277199000015,22.87836419299998],[33.103656289000014,22.91199636800002],[33.04605310199997,22.90832204100002],[33.038563692000025,22.916695804000028],[33.04082532000001,22.927426981],[33.02854738100001,22.921225946],[33.011543828000015,22.929256566],[33.005625165000026,22.955598387],[32.997834641,22.947780029],[32.93729111800002,22.953038649],[32.936740773,22.971100739],[32.946949072999985,22.97226301799998],[32.938593406999985,22.985893628999975],[32.92606496500002,22.96603741299998],[32.916068194,22.968433071],[32.92704267099998,22.975561348999975],[32.91642185799998,22.993144092000023],[32.94673574199999,22.993882095],[32.95570311,23.005074923],[32.944446126,23.011866731],[32.934270057,23.042551328],[32.927076837000016,23.027756103],[32.921800895,23.030398092999974],[32.91156328599999,23.053721242],[32.90052211699998,23.054299574000026],[32.894786099999976,23.06878975799998],[32.873737730000016,23.056238415999985],[32.85801014200001,23.068634542999973],[32.85642308400003,23.074990271],[32.88050295199997,23.084377814],[32.85934429399998,23.093210726],[32.855702866,23.107197633999988],[32.865539694,23.12354968],[32.849647190999974,23.129395623],[32.84320214000002,23.140565671],[32.851011785000026,23.144888821999984],[32.84083308200002,23.15590612],[32.85581063,23.16881764300001],[32.86209607,23.156156509000027],[32.894003149000014,23.154458126],[32.92728686800001,23.127774862000024],[32.97063604599998,23.121680179],[32.976759687000026,23.133047248000025],[32.968914456,23.137467662],[32.97209081,23.150277341],[32.94643265299999,23.163355259000014],[32.945704643,23.184296158],[32.92611544699997,23.20183956],[32.922029883,23.228024612000013],[32.908930929,23.231517881],[32.90738164099997,23.224078212],[32.89280558299998,23.23335044999999],[32.91423622999997,23.23485634000002],[32.910177282,23.241838891999976],[32.92380289099998,23.259833195999988],[32.929660404,23.234875267],[32.932007871,23.244367824999983],[32.941691429,23.248646623000013],[32.947695802,23.239897938000013],[32.948685409,23.249764672000026],[32.96105764700002,23.257087258000013],[32.963581757999975,23.243468242],[32.95322807399998,23.237250728],[32.974160497000014,23.218638338],[32.96299687700002,23.209794956999986],[32.986509566,23.220098747],[32.999233421999975,23.21166238500001],[33.01986973800001,23.216274793000025],[33.043367349,23.19787636799998],[33.036181982000016,23.214876253],[33.04346162600001,23.2297226],[32.999352892,23.258239291],[32.999926626,23.27848237500001],[33.015479175,23.27221268],[33.01797404400003,23.295942204000028],[33.03268472299999,23.276204914],[33.038466891999974,23.279297413999984],[33.03198507899998,23.298148552999976],[33.03668095,23.307680823999988],[33.023233213000026,23.311464817],[33.022100490000014,23.323592005000023],[33.040304682,23.320564831000013],[33.048305520999975,23.27866917199998],[33.05658229699998,23.29364767200002],[33.047950416,23.31430227200002],[33.06726271399998,23.30062147199999],[33.06735990499999,23.289702737000027],[33.07921667099998,23.300030976000016],[33.06396716799998,23.309759727000028],[33.068646977000014,23.318237477000025],[33.05999509700001,23.31543855199999],[33.062140747,23.326168896000013],[33.05436135999997,23.31717719300002],[33.050552805999985,23.32699508600001],[33.03762940799999,23.326188003000027],[33.04042144800002,23.335665184],[33.031988160000026,23.328874311],[33.025155923,23.337339471],[32.98750479199998,23.319868924],[32.99201853599999,23.331153691],[32.982402880999985,23.324922403000016],[32.98284659900003,23.332731475],[32.96736904800002,23.336050890000024],[32.97391405299999,23.343958217000022],[32.96579068400001,23.362756509],[32.986506941000016,23.35526232],[32.98654167500001,23.365494383999987],[32.99371942800002,23.367466286000024],[33.04557213800001,23.351507593],[33.04433241700002,23.363440459],[33.057929947,23.35575351099999],[33.059088056,23.366120645000024],[33.077724208,23.355415229000016],[33.08585909200002,23.37165447899997],[33.061022326,23.368913333000023],[33.064305159000014,23.37885954799998],[33.040280452,23.366817638999976],[33.03970396300002,23.382785736000017],[33.033963782,23.365324167999972],[33.020053394,23.363921952999988],[33.00237584500002,23.37613123],[32.998726895,23.389976478999984],[33.005022972,23.392505615],[32.997293566,23.405009467000014],[32.98984130500003,23.398205131999987],[32.98336034099998,23.404523099000016],[32.970074282999974,23.400433718999977],[32.97608792699998,23.367780746999983],[32.96029199100002,23.374509327999988],[32.956330632,23.381366524999976],[32.96406086600001,23.3874341],[32.95307116700002,23.391891196000017],[32.944164211999976,23.412060978],[32.965212635,23.423175285000013],[32.97824494399998,23.409483793999982],[32.96857844599998,23.42897961699998],[32.978896545,23.42787031900002],[33.000402248,23.442536588999985],[33.00662997699999,23.459324001000027],[32.984314165,23.436278285000014],[32.942156453,23.417157056],[32.928461950999974,23.42924867800002],[32.940117703,23.432372177],[32.94431254199998,23.436205928999982],[32.93399108199998,23.43720001600002],[32.950445616000025,23.448973653],[32.94151880499999,23.451091024],[32.92046951200001,23.43422417300002],[32.91232950699998,23.455643475999977],[32.924924417,23.455991028000028],[32.910755541000015,23.469469593999975],[32.932857738,23.454007401000013],[32.92592122100001,23.467587399000024],[32.943252185,23.462098191],[32.955705691,23.467390970999986],[32.94459423799998,23.478057416000013],[32.939055293000024,23.469763210999986],[32.90927081500001,23.475821049],[32.90706102399997,23.48908441200001],[32.91951564599998,23.49438004899997],[32.902365308000014,23.496872339],[32.904728977,23.508329590000017],[32.91593085699998,23.507439536999982],[32.902026358,23.51608256100002],[32.90582477700002,23.524638922],[32.922549436,23.525373022999986],[32.918948597,23.520263168999975],[32.932641634,23.501847355999985],[32.96028091900001,23.505829022],[32.993888286000015,23.491988951999986],[33.024634228000025,23.48992088],[32.98041983600001,23.503161421000016],[32.974092198,23.52167541199998],[32.968526081,23.506598688999986],[32.93705853300003,23.521660329999975],[32.96352271699999,23.523019182999974],[32.964996988999985,23.533456871999988],[32.977530109999975,23.536331605999976],[32.972471214,23.55022312],[32.95456836400001,23.52985234099998],[32.93727573000001,23.543275779],[32.96258349200002,23.560062211],[32.95726260599997,23.567749952999975],[32.926387009,23.54726572300001],[32.93372817699998,23.558058636999988],[32.90673393999998,23.57889677700001],[32.89880444300002,23.575588105],[32.912882281,23.609717568],[32.90025560700002,23.608565071999976],[32.90689838600002,23.615804362],[32.900453788,23.61787562],[32.907838368,23.62475625000002],[32.903237941999976,23.631392464999976],[32.91283414600002,23.636625771000013],[32.91679982199997,23.623675153000022],[32.92888689799997,23.622884033],[32.91370512999998,23.653973400999973],[32.92129844200002,23.653031267000017],[32.923614585,23.662074062999977],[32.93164078199999,23.658019922999983],[32.93480768799998,23.637033998],[32.957053124000026,23.632721904],[32.95558647500002,23.645626848],[32.964215740999975,23.629255183],[32.97286485500001,23.625302905000012],[32.96618764599998,23.616686705],[32.97843010499997,23.623016242],[32.978523484,23.615884981000022],[32.994049038000014,23.61260977400002],[32.98359582799998,23.61958673700002],[32.982124645,23.632146463000026],[32.96324325400002,23.636171699999977],[32.97649919999998,23.648808632],[32.992665676,23.64046185799998],[32.98064782300003,23.655861437999988],[33.00236422299997,23.66707433900001],[32.98575105200001,23.666576909000014],[32.986134728000025,23.684048236000024],[32.973709225,23.692440136000016],[32.984463828,23.69891115500002],[32.99280134999998,23.691974766999977],[32.98834040899999,23.699184726],[32.99711491599999,23.700747768999975],[32.975360437,23.72794055700001],[32.960145265,23.728908392999983],[32.97185313900002,23.733178837000025],[32.967273153,23.746487324999975],[32.97890584700002,23.75294305699998],[33.00739452200003,23.74206921000001],[32.991763014000014,23.75822602],[32.99747737000001,23.77375759],[32.964998552,23.751012098],[32.94893678,23.753374150000013],[32.931043061000025,23.79575194900002],[32.941519836,23.800622004],[32.92986735400001,23.804972105],[32.925287630000014,23.818623032],[32.942932067000015,23.825433599],[32.93328387899999,23.830092524],[32.92214824500002,23.823738906000017],[32.931548711,23.836563082],[32.922762895,23.834881526],[32.90825506300001,23.847647001999974],[32.888821329,23.88458678699999],[32.93583047499999,23.865932206000025],[32.94090916699997,23.870544868000025],[32.898909151,23.891469057999984],[32.93150880899998,23.89493474300002],[32.889115444000026,23.894814261000022],[32.884307431000025,23.913476195999976],[32.90154194500002,23.91764787400001],[32.878705129000025,23.91639606000001],[32.872120048,23.92230151299998],[32.891556106,23.928991413],[32.88700479,23.936116907999974],[32.90423282299997,23.93220015700001],[32.88606428000003,23.945191251999972],[32.922525983000014,23.932222863],[32.93131215300002,23.940095661999976],[32.92097226599998,23.936288397],[32.88967726300001,23.948943365],[32.900879444,23.95238360000002],[32.888293804,23.954064862],[32.89645060999999,23.957709134000027],[32.889724538,23.96092581],[32.899034326,23.960509731],[32.894199157,23.966269839],[32.906158447,23.96737664],[32.90978701199998,23.963243436000027],[32.912214129,23.96405261000001],[32.902665174,23.971585759999982],[32.88885634600001,23.966191459000015],[32.878676567000014,23.992960417],[32.90249582400003,24.03284288200001],[32.86858830099999,24.03418197000002],[32.86521961300002,24.04748217399998],[32.876629171,24.055800170999987],[32.90017111700001,24.108258818000024],[32.86923805700002,24.198483309999972],[32.873098801000026,24.232484165000017],[32.91144353200002,24.301536452],[32.91165613499999,24.405690874000015],[32.927744491,24.449159235000025],[32.92464016600002,24.45728350799999],[32.91510235800001,24.462884108000026],[32.87845760800002,24.466209785],[32.87388088199998,24.494458114999986],[32.909592901,24.553513136],[32.913434283000015,24.592999040999985],[32.932861377999984,24.63478928],[32.93969912799997,24.700846152],[32.91764748600002,24.806467774],[32.873091828999975,24.884819275999973],[32.87085152700001,24.927859534],[32.889686505999975,24.972986338],[32.88613975099997,24.957723886999986],[32.88952007,24.962133916000028],[32.89179655700002,24.985054385000012],[32.876018852000016,25.046415674],[32.856211815999984,25.060929050000027],[32.839108255999975,25.089734232000012],[32.806861534,25.114405783999985],[32.747546065,25.138680464],[32.708355376999975,25.191967369999986],[32.62193151399998,25.23990428899998],[32.567083346,25.28098472900001],[32.55959405300001,25.347695972],[32.57019237999998,25.396638302999975],[32.535401071000024,25.457159435999984],[32.489232931,25.504237588000024],[32.47298328900001,25.553235582000013],[32.47951420099997,25.58585522200002],[32.503958963,25.599119004999977],[32.560264897000025,25.602416485],[32.621113304,25.658310002],[32.62895526400001,25.684476655000026],[32.68084964299999,25.765650936999975],[32.70342949899998,25.776031293000017],[32.761849254000026,25.781915508],[32.773244439,25.796412383000018],[32.775703548000024,25.82518726],[32.728494726,25.882152002999987],[32.73530339500002,25.904906028000028],[32.77010099900002,25.94499809299998],[32.790050893,25.982992610999986],[32.78525405800002,26.02706507800002],[32.763571997999975,26.107204136],[32.737719803,26.136909963999983],[32.637184532,26.181044806999978],[32.62116039099999,26.172824665],[32.60950003800002,26.143175268],[32.574719551999976,26.122532123999974],[32.552187403,26.11627138],[32.43899983,26.115335309999978],[32.381748199000015,26.073126762000015],[32.369268358,26.079601055000012],[32.312995899999976,26.080555571],[32.312304847,26.04575059299998],[32.29723819999998,26.029828501999987],[32.277518585,26.026366171],[32.25096868600002,26.04883752500001],[32.24913019799999,26.091786219000028],[32.17115725000002,26.140849264999986],[32.14956866699998,26.14565335100002],[32.14683033699998,26.175527504],[32.12495213,26.206856257000027],[32.089441965,26.205270650999978],[32.04600541100001,26.17574401500002],[32.027686549,26.175166362000027],[32.022231239,26.179224911],[32.00254381600001,26.289781128000016],[31.90174974400003,26.353250816000013],[31.821427213999982,26.434441162999974],[31.819676949999973,26.535289192999983],[31.808852882999986,26.558955047999973],[31.79543464,26.568455863999986],[31.771756055000026,26.57179963599998],[31.755151579000028,26.567557877000013],[31.738381899,26.54716700900002],[31.709015926,26.546312554],[31.716637640999977,26.600043363],[31.711526951999986,26.633505840999987],[31.681263909,26.644795359],[31.65005424100002,26.645814109000014],[31.637685594,26.66606445100001],[31.645528574000025,26.693876070999977],[31.641475935000017,26.704420878],[31.607735875,26.720321852999973],[31.57618061300002,26.756163603],[31.546858053999983,26.771713807000026],[31.482727343000022,26.913552708],[31.440675603999978,26.951616729000023],[31.389911563999988,26.97745981999998],[31.37515479000001,26.99462434999998],[31.37333729300002,27.015551730000027],[31.356809610000028,27.021975197000017],[31.33571142699998,27.050173308000012],[31.324498370000015,27.075875076999978],[31.328906766999978,27.093716140000026],[31.316624112,27.136151569],[31.303088877,27.157156601],[31.205918734000022,27.18112598],[31.185008144999983,27.21666015300002],[31.15722452199998,27.219983668999987],[31.128652864,27.20869973600003],[31.118107908000013,27.222842609999987],[31.130475194999974,27.253865040999983],[31.120631269,27.266942088],[31.085821157999987,27.27828120700002],[31.045305706000022,27.274011572],[31.021101577000024,27.286153737],[31.008468693999987,27.326171225999985],[30.961354267,27.345611195],[30.980272405,27.359786824000025],[30.980342254,27.370608713000024],[30.93404321899999,27.381453126],[30.924215581,27.401271864000023],[30.871713358000022,27.422715618999973],[30.850663747999988,27.463081434],[30.870966753,27.50942121999998],[30.846584155000016,27.55654154299998],[30.858095717000026,27.575173544999984],[30.866043564999984,27.627785604999985],[30.893784039000025,27.647959625],[30.90169533599999,27.671814042999983],[30.873892022,27.721616418999986],[30.880492818999983,27.759731378000026],[30.901938616999985,27.784539436999978],[30.874696699000026,27.806118310999977],[30.84112851200001,27.812753816999987],[30.830171371,27.830259548000015],[30.843555139999978,27.84996093799998],[30.839014710000015,27.871493874],[30.868074207,27.928745375],[30.871482792999984,27.965799312],[30.85030162700002,27.997618949000014],[30.84456164300002,28.03405978500001],[30.772264871,28.090637312000013],[30.74186211,28.169090416000017],[30.76917203199997,28.200056819],[30.749375097999973,28.23766989799998],[30.752929058,28.258740902],[30.74693950699998,28.27485916],[30.74316268000001,28.277481307000016],[30.741152516,28.287819996],[30.744425736999972,28.30909391199998],[30.76396673,28.337249068],[30.773787584,28.371177032],[30.824563281999986,28.410296463],[30.84878732300001,28.443320557],[30.852352097999983,28.468667015],[30.82408160099999,28.512001641999973],[30.847810714,28.577541199],[30.84892587600001,28.623003026],[30.874047815999972,28.65749245799998],[30.896182579000026,28.709723758],[30.901186250000023,28.70807412800002],[30.896247878,28.722820468],[30.92080099499998,28.782274143],[30.912742528000024,28.82011633899998],[30.93287153099999,28.863167636000014],[30.956352369,28.889253008000026],[30.997185136999974,28.90585113100002],[31.064323211999977,29.025227562999987],[31.129714119000027,29.07189581],[31.230730928000014,29.245427544999984],[31.216561749,29.291455543999973],[31.221614940999984,29.310558764],[31.216410255000028,29.34462512099998],[31.23988715500002,29.384423188000028],[31.213406561,29.441861637999978],[31.238220329,29.45713805600002],[31.261512005999975,29.499039572000015],[31.264379937,29.520514788000014],[31.284208120000017,29.54082193],[31.268710912000017,29.591940524999984],[31.272852768,29.602093642],[31.272155612,29.597775534999982],[31.273093483000025,29.594017226],[31.274215255,29.594435729999987],[31.272126641,29.626713293000023],[31.303733024999985,29.662219484],[31.28080270700002,29.706031285999984],[31.267351741000027,29.716898628000024],[31.271502673999976,29.744853456999977],[31.294803662999982,29.774553950999973],[31.299807252999983,29.799852626000018],[31.29444504999998,29.81734005499999],[31.300344489,29.822650298999974],[31.28196253599998,29.931975352999984],[31.23594438600003,29.973495474],[31.232661139000015,29.991172292999977],[31.227583751999987,30.004804987],[31.232176191,30.025002513],[31.230420340000023,30.038071258],[31.233387849999986,30.042585718999987],[31.228089668999985,30.070833699],[31.244775230000016,30.109691327],[31.230691101,30.12988638799999],[31.16855437800001,30.145589644999973],[31.14310470999999,30.17423132],[31.10718050700001,30.239007501],[31.119476334000012,30.265699950999988],[31.11334303000001,30.27176898099998],[31.09538379700001,30.278471186],[31.091143698,30.28407706500002],[31.108105514999977,30.306261545999973],[31.110463262,30.322027632000015],[31.099683679,30.330058123000015],[31.084079289999977,30.33669549299998],[31.078923987999985,30.348994448999974],[31.057630261999975,30.367689711000025],[31.067981331999988,30.376030921],[31.083036538999977,30.364322275],[31.095721245999982,30.362552318999974],[31.11226266699998,30.388641987000028],[31.11436311800003,30.395584473999975],[31.09787207300002,30.421006412999986],[31.112042631,30.41744608800002],[31.119681918000026,30.398385795000024],[31.123995364999985,30.395744218],[31.130330517,30.396376202],[31.135043998000015,30.402032023],[31.137507044000017,30.41698580000002],[31.128870786999983,30.439094351],[31.177162189,30.453516284999978],[31.182744027000012,30.483739410999988],[31.225668918999986,30.514369597999973],[31.227536793000013,30.523490621],[31.22339581,30.53994072400002],[31.226953641000023,30.547816575000013],[31.252640316,30.540110253000023],[31.25730891500001,30.54124364],[31.25983992,30.54468822299998],[31.259875118000025,30.549027353999975],[31.244538079,30.56414662100002],[31.265134980000028,30.586933285999976],[31.264676701999974,30.610770216],[31.279600765999987,30.649690452000016],[31.279153833,30.668002794000017],[31.271967164999978,30.69306251],[31.25334925499999,30.71608111],[31.25739201,30.729907181999977],[31.254475290000016,30.738629057000026],[31.227530371,30.756109283],[31.23785847800002,30.774198219000027],[31.23888832,30.785045248000017],[31.219269352000026,30.831328978999977],[31.227256356,30.842271265000022],[31.245494091000012,30.840371541000025],[31.252228091,30.843312262999973],[31.25544163,30.847378285],[31.254437213000017,30.858041072],[31.249636454999973,30.86881078800002],[31.235020648999978,30.876810522000028],[31.248397146,30.880308625],[31.24975155499999,30.887032257999977],[31.246873787000027,30.89087480699999],[31.23512776299998,30.89828335200002],[31.260344692,30.914124684],[31.263090087000023,30.918110152],[31.263974426,30.92726349999998],[31.261194320000016,30.932807938],[31.244996449999974,30.944730392],[31.24054795,30.95236866800002],[31.257684945,30.968891058],[31.297696995000024,30.980856674],[31.3071253,31.006091405],[31.33868868000002,31.024781836999978],[31.338854114000014,31.042250524],[31.38688162400001,31.048194266999985],[31.398016249000023,31.053992610000023],[31.424804376,31.093699201],[31.434924464,31.123110868000026],[31.452400553000018,31.134976984],[31.45089809000001,31.154126897000026],[31.464579031000028,31.15317478100002],[31.471764227999984,31.157933711],[31.473416824000026,31.175838008000028],[31.510490888,31.162057684],[31.514282727000023,31.166200107],[31.512100142,31.18916001399998],[31.54980471800002,31.179416958],[31.582614303000014,31.182092969999985],[31.633354967,31.210098797],[31.636892414999977,31.221554432],[31.621248662000028,31.22975477],[31.61811723699998,31.24249416599997],[31.646323298000027,31.239605137000012],[31.668306949,31.24562041500002],[31.68124657499999,31.256118188000016],[31.682632606000027,31.26344841399998],[31.680405802999985,31.269174674999988],[31.66315300399998,31.274338003000025],[31.658579937000013,31.285679196],[31.672706559,31.28961628899998],[31.680303703999982,31.280970818000014],[31.683520782000016,31.278676600999972],[31.685882085,31.27783006599998],[31.689924777999977,31.278571934000013],[31.694885215,31.282435475],[31.692123746999982,31.304946948],[31.711423119000017,31.326206461000027],[31.718476959999975,31.347863984000014],[31.716246115,31.37867601800002],[31.733795011999973,31.375607880000018],[31.750658499999986,31.39064573899998],[31.757636134999984,31.408610849000013],[31.762889395,31.39807046599998],[31.770280679,31.395159234],[31.79531044700002,31.413452706999976],[31.812147115000016,31.415908677],[31.80250405800001,31.453332698999986],[31.829284780000023,31.469335356999977],[31.827381531000015,31.484563641000022],[31.847464815000023,31.525694768999983]],[[31.850444814000014,31.409165551],[31.856854333,31.40721100600001],[31.84034297,31.407491216999972],[31.845112441000026,31.386330569],[31.85713180099998,31.382901667],[31.83494082200002,31.37573931700001],[31.852067534000014,31.372445115],[31.859416940000017,31.353454043],[31.884818144,31.351390270000024],[31.883881950999978,31.344956204000027],[31.834429092,31.344805237],[31.856938227,31.339759174],[31.839492611000026,31.334796141000027],[31.825745042,31.347301820999974],[31.819411279,31.347022661999972],[31.82133350700002,31.339793462999978],[31.815740917000028,31.346756529],[31.821537793,31.356524257],[31.815066231,31.359850107],[31.783389914999987,31.37485014600003],[31.775175295,31.367193626000017],[31.776946063000025,31.348129315999984],[31.799894719,31.35369374200002],[31.788247061999982,31.33555175700002],[31.792183061,31.330897477],[31.803013282999984,31.325973735],[31.817797375,31.342920876999983],[31.804323634000013,31.30817887],[31.811646205999978,31.314492307000023],[31.828137498,31.299214028],[31.82305083099999,31.30613474],[31.835414538,31.31939252],[31.81805017099998,31.32438086000002],[31.830346827000028,31.32871351199998],[31.855213547,31.322270436],[31.83854097699998,31.31455347299999],[31.841177136,31.298046715999988],[31.858989136,31.300258718],[31.864184625,31.307069059000014],[31.857931322000013,31.316060434],[31.870913538000025,31.307681],[31.861266318,31.288563790000012],[31.845084126000017,31.292170226999986],[31.867070921,31.273394850999978],[31.86239565400001,31.233626918000027],[31.961192408999977,31.235956276000024],[32.021496211,31.221860476000018],[32.03278684000003,31.205592799999977],[32.02774995300001,31.175792105000028],[32.05375538499999,31.171014521000018],[32.05467725699998,31.14560491200001],[32.083221880999986,31.120886419999977],[32.07015822699998,31.116586034000022],[32.075911809,31.11295747600002],[32.094761174999974,31.115782258000024],[32.12287570400002,31.100069763000022],[32.11219524400002,31.122654726],[32.128219057000024,31.112187361999986],[32.15762979599998,31.116528884],[32.16016363699998,31.127300445],[32.18368837999998,31.130079509999973],[32.195721814000024,31.142371923999974],[32.195078403000025,31.154891367],[32.17298454399997,31.149576884],[32.16653376300002,31.156978972],[32.180867675,31.160874008],[32.173086263000016,31.168633344],[32.191559574999985,31.172373269],[32.205287895000026,31.159851842000023],[32.211836275,31.097565412999984],[32.225952716999984,31.085152153000024],[32.245978621,31.086229479],[32.274441277,31.119486229000017],[32.27356497699998,31.153709159000016],[32.262486244,31.163918555],[32.276339871,31.161488851],[32.28432643999997,31.169565976],[32.28317690799997,31.19322841899998],[32.28079480399998,31.224593729],[32.26502040399998,31.244031768000013],[32.161667684,31.29374926600002],[32.13043620899998,31.32134636799998],[32.07269179999997,31.347760994],[32.081173690000014,31.352515857000014],[31.994314641000017,31.371929697999974],[31.97107081500002,31.383972531999973],[31.858246658999974,31.405619772000023],[31.95942209200001,31.38772194],[31.965885069000024,31.397143643999982],[31.979539284999987,31.39464116900001],[31.989390201,31.404395379],[31.948630634999972,31.490432656],[31.858260868,31.509001097],[31.857813277,31.50075346],[31.900837437,31.48734262],[31.909768713,31.465619878999973],[31.89424604300001,31.469120337999982],[31.896731758999977,31.484208282999987],[31.879706521,31.468472925000015],[31.870853409,31.469556727],[31.87784311500002,31.444889260000025],[31.865913166999974,31.440347674],[31.872153955999977,31.430147159],[31.858926371,31.407962501999975],[31.850444814000014,31.409165551]]],[[[34.39858641400002,30.863462018],[34.498088973,30.681240587],[34.525902772999984,30.582066653000027],[34.523253649000026,30.531360419],[34.565216008,30.48993761899999],[34.547003259,30.437182059],[34.54928856700002,30.413493484000014],[34.61275064,30.370908444],[34.65012803299999,30.27614420499998],[34.85089149999999,29.745095349999986],[34.85401178799998,29.700845209000022],[34.876578839,29.651058404000025],[34.865252509000015,29.56484344400002],[34.90923605400002,29.498542258999976],[34.867742584999974,29.484563724],[34.85844233400002,29.474525159],[34.841084555,29.435137474999976],[34.82788866599998,29.43182737500001],[34.815922775,29.403241190000017],[34.80631145799998,29.401583007],[34.80751641299997,29.38617990900002],[34.785606616999985,29.374417935],[34.777158945999986,29.344153914],[34.76569237799998,29.341380363999974],[34.740378121,29.306485553000016],[34.744684785,29.283221033000018],[34.73266503999997,29.24475232100002],[34.738087502999974,29.207462045],[34.71554816600002,29.171823038000014],[34.692426453,29.161787371],[34.674251638999976,29.109648334999974],[34.67975721,29.092790607999973],[34.672804540000016,29.056637524],[34.66386325399998,29.048299983999982],[34.673820878000015,29.020229046999987],[34.684513476,29.013498888000015],[34.687616029000026,28.988761392000015],[34.679032839,28.978696577999983],[34.650634258000025,28.97000835199998],[34.642321407,28.954196105999984],[34.65105853900002,28.930051166],[34.645440356,28.923834649000014],[34.65081051599998,28.865423111999974],[34.62992310599998,28.852695896],[34.62236370099998,28.83491669],[34.62865823499999,28.770522108000023],[34.62302713499997,28.751216743999976],[34.629799854,28.733077375],[34.579024071,28.65472384100002],[34.57671620100001,28.625601069000027],[34.55602606100001,28.613318407],[34.547722131,28.583261669000024],[34.52148595699998,28.553726754000024],[34.515289962,28.51789263],[34.523183491,28.503414061],[34.513342706,28.473493330999986],[34.503050554000026,28.47228306],[34.50595913799998,28.481075105],[34.490299876999984,28.477998641],[34.46959290199999,28.456401285000027],[34.45314604700002,28.426467666],[34.45827692300003,28.410081681],[34.448987052,28.360629859000028],[34.422877878,28.33991410599998],[34.410135750999984,28.31198187299998],[34.41839250200002,28.24262130300002],[34.40895352000001,28.230597612999986],[34.420027371,28.21320367200002],[34.41714118700003,28.204751827999985],[34.441669112,28.186230175],[34.45100803499997,28.160135713999978],[34.44092407300002,28.134803565000027],[34.43960008200003,28.100150070999973],[34.42853396999999,28.083789406],[34.43030012600002,28.068032443999982],[34.438738109999974,28.062504022999974],[34.44285341800003,28.02122011199998],[34.43382761100003,27.989557406000017],[34.422165201999974,27.970006726],[34.38544880500001,27.95174283],[34.387975427000015,27.942659839999976],[34.37189484200002,27.93538812700001],[34.367132871000024,27.91853203300002],[34.33206347599997,27.913067356],[34.318895707000024,27.850317743],[34.305965988000025,27.848651287],[34.295845881,27.864080057000024],[34.289569352,27.850901867],[34.28857140600002,27.857220556000016],[34.275508103,27.854864255],[34.278131809,27.838547495],[34.265534539999976,27.826426136],[34.269231823999974,27.817341022999983],[34.258504519999974,27.79177718400001],[34.208525294000026,27.791045456],[34.20551738,27.78324801399998],[34.22207695100002,27.763438326000028],[34.256824454000025,27.766981094000016],[34.24942423700003,27.759086842999977],[34.260780797999985,27.734012056999973],[34.255201108999984,27.728292608],[34.24417308400001,27.742112491],[34.24835233599998,27.72659440199999],[34.192221669,27.784211852999988],[34.11298554000001,27.796977546],[34.09293600900003,27.788535164],[34.08715751300002,27.797393092999982],[34.058261781,27.80711362300002],[33.980212403,27.887780083],[33.94881112500002,27.891281038999978],[33.917366991999984,27.934967121],[33.903668574,27.93923485900001],[33.875590983,27.931118331],[33.854819299999974,27.96042369600002],[33.82624671299999,27.970094500000016],[33.79045603499998,28.010196904999987],[33.762931193999975,28.017068446999986],[33.75810867400003,28.024355013],[33.766136404,28.034373211],[33.754781424999976,28.047010511999986],[33.70743381699998,28.070240554],[33.70840473200002,28.085504508999975],[33.66720998,28.137134903],[33.66852659900002,28.159855795],[33.64729332899998,28.161560043],[33.632145879,28.173650023999983],[33.62100494700002,28.228529848],[33.59212337399998,28.242814222],[33.565486234,28.29530935600002],[33.548763688,28.296839906],[33.53182089,28.31352971299998],[33.507745632000024,28.319484269999975],[33.40227252400001,28.38973027100002],[33.40160319400002,28.400873483999987],[33.367915256,28.43661963699998],[33.363412999,28.454913025],[33.30653355099997,28.488296058],[33.27988007800002,28.517426118],[33.280858850000016,28.52522535600002],[33.256567947,28.54353876099998],[33.262347853999984,28.550157749],[33.258353833,28.542822278000017],[33.269572832999984,28.543333037000025],[33.271528627,28.558821019],[33.25402960500003,28.581333307000023],[33.23497299000002,28.574117055999977],[33.25466636599998,28.54929453699998],[33.24335825100002,28.550290147999988],[33.22299546,28.588895708],[33.21778013,28.635088398],[33.197630366,28.670929582999975],[33.22902354500002,28.765675192],[33.186481592,28.82485829799998],[33.169865585000025,28.868136180000022],[33.18573124599999,28.927279436],[33.16824793500001,28.945187658],[33.16898334299998,28.972508673999982],[33.180569522999974,29.000794761],[33.122739562,29.041797442000018],[33.101344041,29.046975883000016],[33.07395321299998,29.073769270000014],[33.069522092,29.09480430299999],[32.992420654,29.165821831000017],[32.97646244499998,29.166589425999973],[32.94933459700002,29.204835469999978],[32.923029273,29.205529196999976],[32.89096214900002,29.227301832000023],[32.87812411200002,29.246429777],[32.879813782999975,29.265470988],[32.87087609600002,29.283471107000025],[32.82463838000001,29.326748119],[32.830068943000015,29.341620256],[32.816224767,29.356448941999986],[32.825643136999986,29.385979538000015],[32.82018574199998,29.400613897000028],[32.78980967000001,29.426962134],[32.74554312499998,29.44539153],[32.752561981999975,29.45072523099998],[32.738961158,29.477366964],[32.72975484300002,29.453338857],[32.718863526,29.453550969],[32.734858496000015,29.485784006000017],[32.719104776999984,29.50877075],[32.7273098,29.548192171999972],[32.710378977,29.584157942],[32.680164193999985,29.597046491000015],[32.691897548999975,29.61187099],[32.680346214,29.660646951],[32.696201174,29.725373462],[32.68164974899997,29.754083795999975],[32.66894744000001,29.760160252],[32.637535214000025,29.806454562],[32.610131701,29.81121614099999],[32.626630046,29.84170903400002],[32.62847408800002,29.866489526],[32.55855336500002,29.9279264],[32.58349722000003,29.948218252],[32.588196171,29.972015167999984],[32.57437643999998,30.04605823999998],[32.57328531000002,30.210291722000022],[32.53623839199997,30.268739777],[32.466078117,30.279071327],[32.44829004000002,30.348311287],[32.42123386999998,30.368992294],[32.408006719000014,30.39457902999999],[32.38275352599999,30.400214861],[32.377201849000016,30.40623676299998],[32.384763744,30.404767873000026],[32.385256643,30.41130799000001],[32.36460968,30.415739126],[32.343790523999985,30.514107868],[32.314358099,30.552906861999986],[32.33511876799997,30.58383464000002],[32.32007216400001,30.581672458000014],[32.35308375,30.70379356799998],[32.324975828,30.812442596999972],[32.326669888000026,30.870315068000025],[32.318409925000026,30.902322079999976],[32.31154039,31.106214185],[32.35067359300001,31.238977784999975],[32.433028252999975,31.196344409],[32.47911091399999,31.157388954],[32.52327531999998,31.103654544999984],[32.566845016,31.070752372000015],[32.594490996,31.060709313000018],[32.68078317200002,31.059866677],[32.78387551100002,31.081361746000027],[32.83578604500002,31.100677905999987],[32.86662633399999,31.12370445],[32.94909981799998,31.161556199000017],[32.813341520999984,31.08535765099998],[32.68698846,31.055092848000015],[32.675770479,31.046617217],[32.694518485,31.04100994700002],[32.69557791099999,31.049027290000026],[32.72205556,31.050783404000015],[32.72198581499998,31.03793648200002],[32.705738956,31.032504593],[32.731063571,31.029225769999982],[32.754487068,31.048909197],[32.779078905,31.041498233000027],[32.795043366000016,31.045661719],[32.82079939099998,31.06794223600002],[32.873266516,31.09192716299998],[32.886346952999986,31.093033413],[32.912680147,31.075499353],[32.928709457000025,31.079804249],[32.921519826,31.082698764999975],[32.928621994000025,31.088987535],[32.93890500200001,31.09090120899998],[32.94355446100002,31.086982764000027],[32.93407334400001,31.08529545099998],[32.94593450100001,31.082842147],[32.95185001200002,31.09154282999998],[32.93784969799998,31.093314398000018],[32.93722115999998,31.100891306],[32.91506297,31.099249927000017],[32.93031785900001,31.107919046],[32.98345691999998,31.08901074],[32.967517493,31.07736554799999],[32.97492729700002,31.066318303],[32.94770922999999,31.064929591],[33.00805726300001,31.051953270000013],[33.025086499,31.067261218],[33.01473926699998,31.07694471000002],[33.009100574,31.070771101],[33.013311190000024,31.083608493999975],[33.054458458,31.092609558999982],[33.045832447,31.100108912999985],[33.06342299099998,31.117360476999977],[33.06094441800002,31.126323886000023],[33.02256850499998,31.114671682999983],[33.024700414999984,31.091822415000024],[32.983509987,31.09853695700002],[32.973209681000014,31.093755207000015],[32.950721326,31.105318504000024],[32.98235566400001,31.106919308999977],[33.030848579,31.159625330999972],[33.108119568,31.193239586],[33.11744236099997,31.189405658999988],[33.09161135800002,31.181384853999987],[33.10374892200002,31.179144706999978],[33.12764685299999,31.140461655000024],[33.15148184200001,31.132303757999978],[33.159883912,31.113322521999976],[33.14400964999999,31.132686792000015],[33.11573362399997,31.13581697500001],[33.114342669999985,31.146957239000017],[33.09552796999998,31.128454896999983],[33.113075128,31.118154349],[33.09555777999998,31.113077223],[33.133829387,31.108982764000018],[33.113939459,31.108049935],[33.111480948,31.09991320300003],[33.136752162,31.088537739],[33.163427118000016,31.087365267999985],[33.14174550500002,31.077952695000022],[33.147670835999975,31.067249052000022],[33.140456340000014,31.065680309000015],[33.147368911,31.062431015000016],[33.130333661,31.048975444],[33.145494279,31.043044525000028],[33.14019556699998,31.048006386999987],[33.190444082,31.061508386000014],[33.220702011000014,31.05903970600002],[33.220515412,31.06902642199998],[33.19692336999998,31.07134295100002],[33.244693385,31.073128956],[33.245016384,31.079900216999988],[33.256879992999984,31.078794347999974],[33.284359795,31.093888778],[33.29157639800002,31.095219358],[33.289627451,31.085936697000022],[33.309020164,31.076399349999974],[33.312944757000025,31.08257298799998],[33.302461987000015,31.088952533],[33.316741358,31.089319780999972],[33.298671319,31.09781529700001],[33.322021415999984,31.09777713699998],[33.319064301000026,31.110078441999974],[33.30720442699999,31.111990831000014],[33.36553755699998,31.113550698999973],[33.369060245000014,31.119035689999976],[33.371252814,31.11110039],[33.380749234,31.11332844100002],[33.37797202399997,31.143419392999988],[33.385006159,31.139236692999987],[33.39407890799998,31.15225651100002],[33.38689293099998,31.16826024599999],[33.42045806200002,31.15998473000002],[33.372915976,31.172835545],[33.366503447000014,31.186424494],[33.313250856000025,31.205260684],[33.173444727,31.230085659],[33.103823894000016,31.229183964000015],[33.083334475000015,31.222165467000025],[33.091848527000025,31.216732346000015],[33.08831632699997,31.207910331],[33.05171180899998,31.207623461000026],[33.007881644,31.182218010999975],[32.95573849800002,31.164538907],[33.09115001700002,31.232114758000023],[33.158375589,31.234068424999975],[33.26285728200003,31.219124485],[33.39108807100001,31.187513815999978],[33.461747662,31.150375944000018],[33.480511455,31.132441855000025],[33.433094439,31.162627163000025],[33.43214131600001,31.153469799999982],[33.445895797,31.14097122200002],[33.450475956,31.144954720999976],[33.475276845,31.129727317],[33.56283161099998,31.117768835],[33.682445363,31.12048647],[33.849527604,31.156107083],[33.99887781799998,31.202508781],[34.116186931000016,31.25775717],[34.218640170000015,31.326209791999986],[34.250694458,31.277043486000025],[34.39858641400002,30.863462018]]],[[[31.35795491800002,31.534042016],[31.478032040000016,31.46788712],[31.564432291,31.442447991],[31.736425876999988,31.473580529],[31.758758864000015,31.486718021],[31.755337316,31.46430432],[31.775252016000024,31.451798295],[31.773978307999982,31.46810187],[31.763391962000014,31.47654583000002],[31.766896031999977,31.489785094000013],[31.807232865,31.501216694],[31.84434814399998,31.523458440000013],[31.825743112999987,31.48697043300001],[31.827589941999975,31.472328891000018],[31.797939698,31.450833241999987],[31.810545892999983,31.418143084],[31.794071504999977,31.41541473],[31.770316278,31.396888100000012],[31.755992294,31.410164282999972],[31.734123437999983,31.377853620999986],[31.714181105000023,31.379641843],[31.71615312199998,31.34917690499998],[31.71042570999998,31.329159371],[31.688929267,31.302967971999976],[31.69198038899998,31.282061433000024],[31.683815513000013,31.278883898],[31.670611754,31.292277367999986],[31.652550292,31.285834958],[31.65841605999998,31.27335764700001],[31.67910371200003,31.267890064000028],[31.67758197699999,31.25537826599998],[31.647818513,31.24188796499999],[31.61710625500001,31.245170222000013],[31.615297632000022,31.232192559999987],[31.634825103000026,31.217088124999975],[31.579345118,31.18380675999998],[31.512139365999985,31.190628367999977],[31.509535409000023,31.164625382],[31.472179922,31.17697055100001],[31.468511148,31.15697021],[31.44878958700002,31.15434835100001],[31.451690187999986,31.137432889000024],[31.43098484799998,31.121365911],[31.423232682,31.09322498900002],[31.396987917,31.05536258799998],[31.337220737,31.042684598999983],[31.33604139099998,31.02484253],[31.30522782700001,31.006570658999976],[31.297177361000024,30.98208043],[31.25689763600002,30.969515836000028],[31.239388851,30.95284331800002],[31.245180533999985,30.94266183299999],[31.262351605,30.927632038000013],[31.261164039999983,30.916509749],[31.233842365999976,30.897941973],[31.247693071000015,30.88811376299998],[31.248432391999984,30.882080981],[31.234450128,30.876898074999986],[31.24838083399999,30.868846567],[31.254131514,30.84836683100002],[31.24404266099998,30.840983811],[31.226676966000014,30.843331811999974],[31.21755149400002,30.832866234],[31.237883580000016,30.783737154],[31.226306368999985,30.757075305],[31.241454705000024,30.741142438],[31.253621539,30.735951523999972],[31.25051277,30.71581538800001],[31.263786698,30.701260162999972],[31.275695058999986,30.666947076999975],[31.276691238000012,30.647844384],[31.26118492,30.610233001999973],[31.26320130099998,30.586877991],[31.242077312,30.566424182],[31.258089077000022,30.54466828699998],[31.226139219,30.549460271999976],[31.221711366000022,30.541292840999972],[31.223841263999986,30.515079481999976],[31.182730306,30.487659668],[31.174706655000023,30.456251599999973],[31.126029647999985,30.438378074000013],[31.13464193300001,30.419297065000023],[31.128609731999973,30.398154979000026],[31.12135218200001,30.398823545000027],[31.115354927999988,30.41576884699998],[31.110139928000024,30.421008063999977],[31.102673024000012,30.423532524999985],[31.095652066000014,30.420844502000023],[31.09206192099998,30.412757777000024],[31.112738751999984,30.39486381400002],[31.09593931,30.364635231000022],[31.067774319000023,30.377622568999982],[31.054331993,30.368788435],[31.08314853899998,30.332851558000016],[31.108539193000013,30.320675575],[31.08952618400002,30.283047738],[31.096381886000017,30.275036251000017],[31.1170742,30.267591026],[31.103493097000012,30.239599689999977],[31.141166049,30.17445647599999],[31.068318152000018,30.220824977],[31.05262266,30.219696436999982],[31.01919203099999,30.199315633000026],[31.01315302400002,30.198396601000013],[30.989849755000023,30.209959874],[30.971149317000027,30.233276193],[30.966375142,30.268260215999987],[30.958217307999973,30.282819456000027],[30.946924947000014,30.289138342],[30.9155816,30.286759999000026],[30.923925092,30.314232516],[30.919336983999983,30.334104148],[30.875756904000013,30.341325159],[30.845010085000013,30.32516867099997],[30.822593552,30.340365169999984],[30.838591511,30.361547186],[30.879486612,30.373763403],[30.871553732999985,30.39377298],[30.838829595999982,30.40893747299998],[30.84239431200001,30.441240119999975],[30.853042712,30.454683594000016],[30.831794437999974,30.501342089],[30.853929505,30.539193438999973],[30.846636823999972,30.547083208],[30.819904475999977,30.54471279],[30.81523879399998,30.558344139999974],[30.841295273000014,30.58334844799998],[30.837124856,30.58674509100001],[30.818806575,30.585823076999986],[30.807580594,30.60203949700002],[30.801979629000016,30.624816969],[30.788626102000023,30.645915393999985],[30.805683074,30.682960438],[30.764578663,30.719478832],[30.79079585400001,30.73279031200002],[30.799591911999983,30.749734009],[30.78470397000001,30.765645168],[30.76128838699998,30.760009889],[30.758275544000014,30.776718171000027],[30.814038982,30.815614408999977],[30.814968599999986,30.820944269999984],[30.801035479,30.829961319],[30.764661182,30.822398938],[30.796913679,30.853398449],[30.79067253,30.871172453999975],[30.758799888999988,30.884217579999984],[30.782676052,30.915603909000026],[30.787501976999977,30.931173994],[30.749362615999985,30.96614852099998],[30.76446030300002,30.982905190999986],[30.75690825700002,31.002731191],[30.721539629,31.02401994799999],[30.727681040999983,31.063978589999977],[30.693280972000025,31.09541111300001],[30.656913885,31.113640735],[30.619388277999974,31.154248934],[30.61000588500002,31.175163716999975],[30.580577858000026,31.195135514000015],[30.55935714100002,31.208772356999987],[30.544294993,31.193629467999983],[30.52451100899998,31.199733942000023],[30.528014515999985,31.228317275],[30.506109961999982,31.231167411],[30.500370504999978,31.246037612],[30.521258691000014,31.270992217000014],[30.523073426999986,31.32768067699999],[30.488258797000015,31.349098276],[30.462531981999973,31.337513205],[30.44899585600001,31.379796317],[30.424738776000027,31.38145136600002],[30.432063586000027,31.43038102600002],[30.418551950999984,31.441250591000028],[30.388122292,31.445165401],[30.346057394000013,31.504478147999976],[30.35319179800001,31.50996251700002],[30.372752348,31.507385382],[30.428749432000018,31.46840048399997],[30.485273130999985,31.454113088999975],[30.591613557000016,31.476831647999973],[30.810630333,31.545919406999985],[31.02578964700001,31.603321129999983],[31.021361620999983,31.582249405000027],[30.996923917,31.58197970499998],[30.966304476,31.560325266],[30.913003133000018,31.54222683],[30.888947958000017,31.54281497300002],[30.870369401,31.531367477],[30.825603351999973,31.531793285],[30.780053778000024,31.51278662599998],[30.77357410000002,31.502711986],[30.748325017000013,31.502333143999977],[30.732596679999972,31.49111481099999],[30.710180267999988,31.488859833],[30.685085932999982,31.459291813999982],[30.648354133999987,31.440872515000024],[30.617087758000025,31.442357578999975],[30.594260389999988,31.429031227],[30.559457948999977,31.433294822],[30.533499273000018,31.43072762600002],[30.537008335999985,31.422409878],[30.529569713,31.427071409],[30.518539783999984,31.424695901],[30.51742770200002,31.415799831000015],[30.528770828,31.410492870999974],[30.52990685499998,31.423691328000018],[30.54261131200002,31.407318401],[30.531540016,31.395126230000017],[30.524844724,31.407143228],[30.51736181299998,31.403208278000022],[30.51616758900002,31.378340466999987],[30.532483499000023,31.373920665000014],[30.553881493,31.389419512000018],[30.548852189,31.379325909999977],[30.563397888,31.376142190999985],[30.571116357999983,31.35980638],[30.604531387,31.365377478000028],[30.61243802299998,31.380361478999987],[30.618438869999977,31.374477617000025],[30.639843809000013,31.38934935399999],[30.659744158000024,31.390719940999986],[30.669789316,31.40537445000001],[30.673988507,31.396127033000027],[30.685012095,31.397873474999983],[30.684606135000024,31.390506344000016],[30.698235131,31.40911982199998],[30.709224415999984,31.405952539999987],[30.714735323000014,31.382257668000022],[30.725001351,31.377867401],[30.736742107999987,31.380832946999988],[30.732921335000015,31.392229215999976],[30.745826627999975,31.407771998999976],[30.754698303999987,31.406771016999983],[30.78576943600001,31.38375695000002],[30.781622068,31.397922731],[30.78861537900002,31.384345008000025],[30.791537530000028,31.394450052000025],[30.80716536,31.394607913000016],[30.811138926000012,31.402554545999976],[30.80236940499998,31.415841503000024],[30.793414924,31.406715302],[30.778262949,31.42190628100002],[30.821963494999977,31.422715417],[30.820775844000025,31.408295247000012],[30.832659824000018,31.427217295],[30.843344608,31.43048916700002],[30.854942203,31.416247743999975],[30.867871080999976,31.432085910000012],[30.877439504999984,31.429532129999984],[30.877984847999983,31.411408981000022],[30.886139034999985,31.40979166400001],[30.913262863,31.423944359000018],[30.932240139999976,31.439710107999986],[30.933069013000022,31.451983901],[30.944114425,31.455244317],[30.957755605999978,31.433602559],[30.95832905399999,31.449408069000015],[30.965884226000014,31.444479331000025],[30.963010301,31.437416037],[30.98314835399998,31.436762837],[31.005807893,31.468361232],[30.995734731000027,31.47882959100002],[31.020926163000013,31.506733064],[31.014450527,31.519650961000025],[31.066278958,31.52167416100002],[31.079356072999985,31.515687841999977],[31.091804759000013,31.495792736999988],[31.10403518200002,31.49391340400001],[31.111965725,31.50710117],[31.107140814,31.513704908000022],[31.12077358,31.525077631999977],[31.113224022999987,31.542362157000014],[31.094581414,31.539614028000017],[31.102069090999976,31.550018022000017],[31.02446320400003,31.575734855],[31.044756270999983,31.587958275],[31.030618684,31.604543165],[31.081643945999986,31.606420351],[31.181799152,31.590753716],[31.35795491800002,31.534042016]],[[30.361840485000016,31.508184294999978],[30.36083747700002,31.49842842700002],[30.370448074000024,31.502725183],[30.361840485000016,31.508184294999978]],[[30.375535453999987,31.483251001999975],[30.392787882999983,31.46567528600002],[30.407506129000012,31.466441010999972],[30.382597153,31.488220480999985],[30.375535453999987,31.483251001999975]]],[[[34.553520817,27.994450971],[34.519040395,27.985585028],[34.507458799,27.993460977999973],[34.50530174300002,27.982105542],[34.53504323300001,27.964594342999987],[34.56757732099999,27.973352295999973],[34.589920909,27.96953755200002],[34.58707338800002,27.953827760000024],[34.621549053000024,27.93305324],[34.624165636999976,27.921785767000017],[34.55519079599998,27.913152455999978],[34.529536485999984,27.938564860999975],[34.505419609,27.946743965],[34.49758621799998,28.005227733000027],[34.527948830000014,28.01630411100001],[34.55590443699998,28.001208942],[34.553520817,27.994450971]]],[[[32.329674947,31.272686721000014],[32.32721394499998,31.254139298999974],[32.347640480999985,31.236251102999972],[32.310417832999974,31.113994897999987],[32.30718078799998,31.230458967],[32.309379557,31.242763962000026],[32.31520105200002,31.240358484000012],[32.309050334,31.24769082199998],[32.31862913100002,31.26007970400002],[32.324240023000016,31.255020178],[32.319499173,31.261656784000024],[32.326272174,31.260033535],[32.329674947,31.272686721000014]]],[[[34.70672772400002,27.957953025999984],[34.738961244,27.93498669799999],[34.73826589599997,27.916737665000028],[34.705843205,27.90549375],[34.69440177500002,27.926011701999983],[34.700535307,27.93205292800002],[34.686829279,27.945811294],[34.67242895200002,27.940630519000024],[34.670717062,27.923076813000023],[34.656524645,27.926161201000014],[34.67021128,27.938464309999972],[34.66280856100002,27.949079677999976],[34.688266973,27.961301256000013],[34.70672772400002,27.957953025999984]]],[[[32.11677584400002,31.160387147],[32.089781136,31.169792348999977],[32.085931793999976,31.18348604900001],[32.13845329999998,31.164454337],[32.144952698,31.149817875],[32.166203282000026,31.14090975900001],[32.146139517,31.137523406000014],[32.11677584400002,31.160387147]]],[[[31.612361839000016,26.707664313],[31.61799083300002,26.714162467999984],[31.63164607599998,26.706441048999977],[31.640050436000024,26.686463044],[31.624198779999972,26.687675723999973],[31.612361839000016,26.707664313]]],[[[32.23629362899999,31.21353032600001],[32.279071982,31.205780855],[32.248964167,31.201816851],[32.25573649299997,31.17856191300001],[32.249500649000026,31.191822866],[32.22658438399998,31.20650234599998],[32.23629362899999,31.21353032600001]]],[[[31.200236629000017,30.131277856999986],[31.233116113999984,30.124444612],[31.239273610999987,30.113247086],[31.233115162,30.09806315100002],[31.215050725000026,30.123920539999972],[31.200236629000017,30.131277856999986]]],[[[32.090413974,31.306635571000015],[32.104135579,31.290681244999973],[32.132546565999974,31.28516506400001],[32.113929854,31.282220758],[32.09330057699998,31.290194698999983],[32.08526644699998,31.312531190000016],[32.09785774699998,31.314381888000014],[32.090413974,31.306635571000015]]],[[[32.91964915800003,24.440486941000017],[32.907556811,24.453856549000022],[32.898281581,24.45577988399998],[32.882825444,24.451913075],[32.88099713499997,24.457310708000023],[32.91809147999999,24.45939327299999],[32.924984325000025,24.446663453999975],[32.91964915800003,24.440486941000017]]],[[[30.962868776999983,28.899450093999974],[30.992305395000017,28.923895083],[31.002496877999988,28.928386908],[30.99023956000002,28.905025094],[30.962868776999983,28.899450093999974]]],[[[32.155971118000025,31.221593008000013],[32.221139117,31.208961998],[32.184520082,31.207568899000023],[32.155971118000025,31.221593008000013]]],[[[32.160687584000016,31.246810234],[32.183192513,31.240413878000027],[32.18383407099998,31.227549534],[32.15724663200001,31.238572734],[32.15231991000002,31.228971979],[32.14848804000002,31.24358566799998],[32.160687584000016,31.246810234]]],[[[31.225104601,30.038765738999984],[31.216771543999982,30.064908240000022],[31.224035104,30.073920731999976],[31.229490086999988,30.047585663],[31.225104601,30.038765738999984]]],[[[32.38880509400002,26.072135087],[32.36734612499998,26.066548269],[32.354638524,26.074352050000016],[32.38880509400002,26.072135087]]],[[[32.092689975999974,31.23704617300001],[32.08832602799998,31.252694024999983],[32.099675252,31.251799604999974],[32.10245405500001,31.237883867999983],[32.092689975999974,31.23704617300001]]],[[[31.218901862999985,29.232976087999987],[31.213284199999975,29.24757290399998],[31.221359264,29.259383705],[31.224142866000022,29.245206892999988],[31.218901862999985,29.232976087999987]]],[[[31.129051947999983,30.17527934499998],[31.15633391900002,30.15294961799998],[31.140283238,30.159600814999976],[31.129051947999983,30.17527934499998]]],[[[32.898599021,31.096925845999976],[32.931600246000016,31.092314175000013],[32.91595927100002,31.084274312],[32.898599021,31.096925845999976]]],[[[31.22579510899999,29.988800949],[31.235035224,29.966198126],[31.22317465200001,29.97804584],[31.225732917000016,30.00176852499999],[31.22579510899999,29.988800949]]],[[[31.230394820000015,30.032783428000016],[31.231409514,30.027029452000022],[31.225813921,30.006890337000016],[31.223709527999972,30.025935478],[31.230394820000015,30.032783428000016]]],[[[32.88399061299998,31.105801327],[32.88771628,31.111949374],[32.894769767000014,31.110928945000012],[32.89555714099998,31.103568965000022],[32.88399061299998,31.105801327]]],[[[32.13886342,31.254459055999973],[32.150780257,31.256309019000014],[32.152727715000026,31.251585060000025],[32.14308580900001,31.24994447],[32.13886342,31.254459055999973]]],[[[30.847251047999976,28.626363524],[30.853239707,28.642765199999985],[30.856493847000024,28.644425067999975],[30.847251047999976,28.626363524]]],[[[31.214756211,29.426614027000028],[31.20673702900001,29.434753263],[31.209119289,29.439562997],[31.214756211,29.426614027000028]]],[[[31.228815997000027,29.995119131000024],[31.232579122,29.982579051000016],[31.231567224,29.980815119],[31.228815997000027,29.995119131000024]]],[[[31.265310294000017,29.60332753],[31.26976178299998,29.603315934000022],[31.265170857999976,29.596794494999983],[31.265310294000017,29.60332753]]],[[[32.869196940999984,24.17759743],[32.86711294000003,24.18857418800002],[32.872381926,24.167982236],[32.869196940999984,24.17759743]]],[[[31.285199311999975,29.909574467000027],[31.281778116999988,29.90641264499999],[31.282351167,29.918503558999987],[31.285199311999975,29.909574467000027]]],[[[31.235437737999973,29.970716899000024],[31.240693008999983,29.96581586000002],[31.241272582000022,29.962988316],[31.235437737999973,29.970716899000024]]],[[[31.24786945400001,29.956966943],[31.247939853,29.95539121600001],[31.240725463,29.960464898999987],[31.24786945400001,29.956966943]]],[[[31.241919239000026,29.963188679999973],[31.244098614999984,29.962791439],[31.244235473,29.961582013],[31.241919239000026,29.963188679999973]]],[[[31.08449093500002,30.332548356000018],[31.083779705999973,30.33485017700002],[31.088151332,30.331785861000014],[31.08449093500002,30.332548356000018]]],[[[31.221064058000024,29.996913783000025],[31.220896239000012,29.998332533999985],[31.221439464000014,29.99827671899999],[31.221064058000024,29.996913783000025]]]]}}]}